Table Name,Issue_Severity,Measure Name,Measure Formula,Calculation Type,AI Analyzed,Have Same Measure Definition,Is Standard Measure,Self Explanatory Calculation Logic,Complexity Level,Meets Naming Convention Standards,Has Descriptions,Proper DAX References,Duplicate Measure Definition Score,Duplicate Measure Definition Max Score,Standard Library Measures Score,Standard Library Measures Max Score,Business Documentation Quality Score,Business Documentation Quality Max Score,Complexity Classification Score,Complexity Classification Max Score,Definition Based Naming Score,Definition Based Naming Max Score,Business Focused Naming Score,Business Focused Naming Max Score,DAX Reference Standards Score,DAX Reference Standards Max Score,Overall Score,Calculation Logic Score,Naming Score,Business Purpose,Standardized Calculation Logic Recommendations,Naming Conventions Recommendations
Account,Not Analyzed,TPID Count,COUNT( Account[TPID] ),Simple Aggregation,No,Not Analyzed - ,Not Analyzed - ,Not Analyzed - ,Not Analyzed - ,Not Analyzed - ,Not Analyzed - ,Not Analyzed - ,0.000,0.200,0.000,0.300,0.000,0.200,0.000,0.300,0.000,0.400,0.000,0.400,0.000,0.200,0.000,0.000,0.000,Not analyzed by AI,,
Account,Not Analyzed,# Accounts w/ Unified or Premier,"CALCULATE([TPID Count],KEEPFILTERS(Account[Has Premier Unified] = ""Yes""))",Calculated Measure,No,Not Analyzed - ,Not Analyzed - ,Not Analyzed - ,Not Analyzed - ,Not Analyzed - ,Not Analyzed - ,Not Analyzed - ,0.000,0.200,0.000,0.300,0.000,0.200,0.000,0.300,0.000,0.400,0.000,0.400,0.000,0.200,0.000,0.000,0.000,Not analyzed by AI,,
Account,Not Analyzed,ATQ Latest,AVERAGE(Account[ATQ]),Simple Aggregation,No,Not Analyzed - ,Not Analyzed - ,Not Analyzed - ,Not Analyzed - ,Not Analyzed - ,Not Analyzed - ,Not Analyzed - ,0.000,0.200,0.000,0.300,0.000,0.200,0.000,0.300,0.000,0.400,0.000,0.400,0.000,0.200,0.000,0.000,0.000,Not analyzed by AI,,
Account,Not Analyzed,Understands Strategic Priorities Latest,AVERAGE(Account[UnderstandsStrategicPriorities]),Simple Aggregation,No,Not Analyzed - ,Not Analyzed - ,Not Analyzed - ,Not Analyzed - ,Not Analyzed - ,Not Analyzed - ,Not Analyzed - ,0.000,0.200,0.000,0.300,0.000,0.200,0.000,0.300,0.000,0.400,0.000,0.400,0.000,0.200,0.000,0.000,0.000,Not analyzed by AI,,
Account,Not Analyzed,Identify Right Solutions Based on Needs Latest,AVERAGE(Account[IdentifyRightSolutionsBasedonNeeds]),Simple Aggregation,No,Not Analyzed - ,Not Analyzed - ,Not Analyzed - ,Not Analyzed - ,Not Analyzed - ,Not Analyzed - ,Not Analyzed - ,0.000,0.200,0.000,0.300,0.000,0.200,0.000,0.300,0.000,0.400,0.000,0.400,0.000,0.200,0.000,0.000,0.000,Not analyzed by AI,,
Account,Not Analyzed,Delta ATQ,"IF(AVERAGE(Account[ATQ])=0,"""",AVERAGE(Account[delta_ATQ]))",Simple Aggregation,No,Not Analyzed - ,Not Analyzed - ,Not Analyzed - ,Not Analyzed - ,Not Analyzed - ,Not Analyzed - ,Not Analyzed - ,0.000,0.200,0.000,0.300,0.000,0.200,0.000,0.300,0.000,0.400,0.000,0.400,0.000,0.200,0.000,0.000,0.000,Not analyzed by AI,,
Account,Not Analyzed,Delta Understands Strategic Priorities,"IF(AVERAGE(Account[UnderstandsStrategicPriorities])=0,"""",AVERAGE(Account[delta_UnderstandsStrategicPriorities]))",Calculated Measure,No,Not Analyzed - ,Not Analyzed - ,Not Analyzed - ,Not Analyzed - ,Not Analyzed - ,Not Analyzed - ,Not Analyzed - ,0.000,0.200,0.000,0.300,0.000,0.200,0.000,0.300,0.000,0.400,0.000,0.400,0.000,0.200,0.000,0.000,0.000,Not analyzed by AI,,
Account,Not Analyzed,Delta Identify Right Solutions Based on Needs,"IF(AVERAGE(Account[IdentifyRightSolutionsBasedonNeeds])=0,"""",AVERAGE(Account[delta_IdentifyRightSolutionsBasedonNeeds]))",Calculated Measure,No,Not Analyzed - ,Not Analyzed - ,Not Analyzed - ,Not Analyzed - ,Not Analyzed - ,Not Analyzed - ,Not Analyzed - ,0.000,0.200,0.000,0.300,0.000,0.200,0.000,0.300,0.000,0.400,0.000,0.400,0.000,0.200,0.000,0.000,0.000,Not analyzed by AI,,
Account,Not Analyzed,% of Accounts with Exec Sponsor,"var num= CALCULATE(SUMX(VALUES('Account Plan Priority'[AccountPlanPriorityID]),1),
    KEEPFILTERS(Account[executivesponsorid] <> blank())
)
var den= SUMX( VALUES( 'Account Plan Priority'[AccountPlanPriorityID] ), 1 ) 


return DIVIDE(num,den)",Ratio Percentage,No,Not Analyzed - ,Not Analyzed - ,Not Analyzed - ,Not Analyzed - ,Not Analyzed - ,Not Analyzed - ,Not Analyzed - ,0.000,0.200,0.000,0.300,0.000,0.200,0.000,0.300,0.000,0.400,0.000,0.400,0.000,0.200,0.000,0.000,0.000,Not analyzed by AI,,
Account,Not Analyzed,Helps Maximize Solutions Latest,AVERAGE(Account[HelpsMaximizeSolutions]),Simple Aggregation,No,Not Analyzed - ,Not Analyzed - ,Not Analyzed - ,Not Analyzed - ,Not Analyzed - ,Not Analyzed - ,Not Analyzed - ,0.000,0.200,0.000,0.300,0.000,0.200,0.000,0.300,0.000,0.400,0.000,0.400,0.000,0.200,0.000,0.000,0.000,Not analyzed by AI,,
Account,Not Analyzed,Delta Helps Maximize Solutions Value,"IF(AVERAGE(Account[HelpsMaximizeSolutions])=0,"""",AVERAGE(Account[delta_HelpsMaximizeSolutions]))",Simple Aggregation,No,Not Analyzed - ,Not Analyzed - ,Not Analyzed - ,Not Analyzed - ,Not Analyzed - ,Not Analyzed - ,Not Analyzed - ,0.000,0.200,0.000,0.300,0.000,0.200,0.000,0.300,0.000,0.400,0.000,0.400,0.000,0.200,0.000,0.000,0.000,Not analyzed by AI,,
Account,Not Analyzed,Delta Joint Planning Addresses Needs,"IF(AVERAGE(Account[JointPlanningAddressesNeeds])=0,"""",AVERAGE(Account[delta_JointPlanningAddressesNeeds]))",Calculated Measure,No,Not Analyzed - ,Not Analyzed - ,Not Analyzed - ,Not Analyzed - ,Not Analyzed - ,Not Analyzed - ,Not Analyzed - ,0.000,0.200,0.000,0.300,0.000,0.200,0.000,0.300,0.000,0.400,0.000,0.400,0.000,0.200,0.000,0.000,0.000,Not analyzed by AI,,
Account,Not Analyzed,Joint Planning Addresses Needs,AVERAGE(Account[JointPlanningAddressesNeeds]),Simple Aggregation,No,Not Analyzed - ,Not Analyzed - ,Not Analyzed - ,Not Analyzed - ,Not Analyzed - ,Not Analyzed - ,Not Analyzed - ,0.000,0.200,0.000,0.300,0.000,0.200,0.000,0.300,0.000,0.400,0.000,0.400,0.000,0.200,0.000,0.000,0.000,Not analyzed by AI,,
Account,Not Analyzed,Delta Continuous Relationship Building,"IF(AVERAGE(Account[ContinuousRelationshipBuilding])=0,"""",AVERAGE(Account[delta_ContinuousRelationshipBuilding]))",Calculated Measure,No,Not Analyzed - ,Not Analyzed - ,Not Analyzed - ,Not Analyzed - ,Not Analyzed - ,Not Analyzed - ,Not Analyzed - ,0.000,0.200,0.000,0.300,0.000,0.200,0.000,0.300,0.000,0.400,0.000,0.400,0.000,0.200,0.000,0.000,0.000,Not analyzed by AI,,
Account,Not Analyzed,Continuous Relationship Building,AVERAGE(Account[ContinuousRelationshipBuilding]),Simple Aggregation,No,Not Analyzed - ,Not Analyzed - ,Not Analyzed - ,Not Analyzed - ,Not Analyzed - ,Not Analyzed - ,Not Analyzed - ,0.000,0.200,0.000,0.300,0.000,0.200,0.000,0.300,0.000,0.400,0.000,0.400,0.000,0.200,0.000,0.000,0.000,Not analyzed by AI,,
Account,Not Analyzed,% of Accounts with sep,"var den=[TPID Count]
var num=CALCULATE([TPID Count],keepfilters(Account[issep]=""yes""))

RETURN DIVIDE(num,den)",Ratio Percentage,No,Not Analyzed - ,Not Analyzed - ,Not Analyzed - ,Not Analyzed - ,Not Analyzed - ,Not Analyzed - ,Not Analyzed - ,0.000,0.200,0.000,0.300,0.000,0.200,0.000,0.300,0.000,0.400,0.000,0.400,0.000,0.200,0.000,0.000,0.000,Not analyzed by AI,,
Account,Not Analyzed,% of Accounts with ACSP,"var den=[TPID Count]
var num=CALCULATE([TPID Count],keepfilters(Account[isacsp]=""yes""))

RETURN DIVIDE(num,den)",Ratio Percentage,No,Not Analyzed - ,Not Analyzed - ,Not Analyzed - ,Not Analyzed - ,Not Analyzed - ,Not Analyzed - ,Not Analyzed - ,0.000,0.200,0.000,0.300,0.000,0.200,0.000,0.300,0.000,0.400,0.000,0.400,0.000,0.200,0.000,0.000,0.000,Not analyzed by AI,,
Account,Not Analyzed,% of Accounts with APT,"var den=[TPID Count]
var num=CALCULATE([TPID Count],keepfilters(Account[isapt]=""yes""))

RETURN DIVIDE(num,den)",Ratio Percentage,No,Not Analyzed - ,Not Analyzed - ,Not Analyzed - ,Not Analyzed - ,Not Analyzed - ,Not Analyzed - ,Not Analyzed - ,0.000,0.200,0.000,0.300,0.000,0.200,0.000,0.300,0.000,0.400,0.000,0.400,0.000,0.200,0.000,0.000,0.000,Not analyzed by AI,,
Account,Not Analyzed,% of Accounts with CSAA,"var den=[TPID Count]
var num=CALCULATE([TPID Count],keepfilters(Account[iscsaa]=""yes""))

RETURN DIVIDE(num,den)",Ratio Percentage,No,Not Analyzed - ,Not Analyzed - ,Not Analyzed - ,Not Analyzed - ,Not Analyzed - ,Not Analyzed - ,Not Analyzed - ,0.000,0.200,0.000,0.300,0.000,0.200,0.000,0.300,0.000,0.400,0.000,0.400,0.000,0.200,0.000,0.000,0.000,Not analyzed by AI,,
Calendar,Not Analyzed,Last Refresh Icon,"""🕘""",Undocumented,No,Not Analyzed - ,Not Analyzed - ,Not Analyzed - ,Not Analyzed - ,Not Analyzed - ,Not Analyzed - ,Not Analyzed - ,0.000,0.200,0.000,0.300,0.000,0.200,0.000,0.300,0.000,0.400,0.000,0.400,0.000,0.200,0.000,0.000,0.000,Not analyzed by AI,,
Calendar,Not Analyzed,Information Icon,"""i""",Undocumented,No,Not Analyzed - ,Not Analyzed - ,Not Analyzed - ,Not Analyzed - ,Not Analyzed - ,Not Analyzed - ,Not Analyzed - ,0.000,0.200,0.000,0.300,0.000,0.200,0.000,0.300,0.000,0.400,0.000,0.400,0.000,0.200,0.000,0.000,0.000,Not analyzed by AI,,
Calendar,Not Analyzed,Filters Applied Icon,"""🗸""",Undocumented,No,Not Analyzed - ,Not Analyzed - ,Not Analyzed - ,Not Analyzed - ,Not Analyzed - ,Not Analyzed - ,Not Analyzed - ,0.000,0.200,0.000,0.300,0.000,0.200,0.000,0.300,0.000,0.400,0.000,0.400,0.000,0.200,0.000,0.000,0.000,Not analyzed by AI,,
Account Planning,Not Analyzed,# of Priorities w/ Pipeline,"CALCULATE([# of Priorities] 
,KEEPFILTERS('Account Planning'[Attached To Opportunity] = ""Yes"")
,KEEPFILTERS('Opportunity'[ParentingLevel Oppties]=""TopParentOppties""))",Calculated Measure,No,Not Analyzed - ,Not Analyzed - ,Not Analyzed - ,Not Analyzed - ,Not Analyzed - ,Not Analyzed - ,Not Analyzed - ,0.000,0.200,0.000,0.300,0.000,0.200,0.000,0.300,0.000,0.400,0.000,0.400,0.000,0.200,0.000,0.000,0.000,Not analyzed by AI,,
Account Planning,Not Analyzed,% of Priorities w/ Pipeline,"CALCULATE(DIVIDE([# of Priorities w/ Pipeline],[# of Priorities]),KEEPFILTERS(Opportunity[ParentingLevel Oppties]=""TopParentOppties""))",Ratio Percentage,No,Not Analyzed - ,Not Analyzed - ,Not Analyzed - ,Not Analyzed - ,Not Analyzed - ,Not Analyzed - ,Not Analyzed - ,0.000,0.200,0.000,0.300,0.000,0.200,0.000,0.300,0.000,0.400,0.000,0.400,0.000,0.200,0.000,0.000,0.000,Not analyzed by AI,,
Account Planning,Warning,# of Account Plans,"CALCULATE (SUMX (VALUES ( 'Account'[AccountPlanID] ),1),Account[Account Plan Attached] = ""Yes"")",Simple Aggregation,Yes,No - The formula is unique and calculates the count of account plans attached with a specific condition.,No - This measure is specific to the business context and not a standard enterprise measure like Total Sales or Gross Margin.,No - The calculation logic is not immediately clear without a description or explanation of the business context.,"Medium - The measure uses nested functions and conditional logic, which adds moderate complexity.",Yes - The name clearly reflects the calculation purpose and avoids abbreviations.,"No - No description is provided, which makes it harder for users to understand the measure's purpose.",Yes - The formula uses fully qualified column references and adheres to DAX standards.,0.200,0.200,0.000,0.300,0.000,0.200,0.200,0.300,0.400,0.400,0.400,0.400,0.200,0.200,0.700,0.400,1.000,Counts the number of account plans attached under specific conditions.,Provide a description explaining the business context and purpose of the measure. Consider simplifying the logic if possible.,No changes needed as the naming convention is clear and descriptive.
Account Planning,Issue,# of Priorities,"SUMX( VALUES( 'Account Planning'[AccountPlanPriorityID] ), 1 )
 ",Simple Aggregation,Yes,No - The formula is unique and calculates the count of priorities based on a specific column.,No - This measure is specific to the business context and not a standard enterprise measure.,No - The calculation logic is not immediately clear without a description or explanation of the business context.,Low - The measure uses a simple aggregation with minimal complexity.,Yes - The name clearly reflects the calculation purpose and avoids abbreviations.,"No - No description is provided, which makes it harder for users to understand the measure's purpose.",Yes - The formula uses fully qualified column references and adheres to DAX standards.,0.200,0.200,0.000,0.300,0.000,0.200,0.100,0.300,0.400,0.400,0.400,0.400,0.200,0.200,0.650,0.300,1.000,Counts the number of priorities associated with account plans.,Provide a description explaining the business context and purpose of the measure. Consider aligning the measure with enterprise standards if applicable.,No changes needed as the naming convention is clear and descriptive.
Account Planning,Good,% Accounts w/ Active Plan,"VAR Numerator =
    CALCULATE (
        [# of Account Plans],
        KEEPFILTERS ( 'Account'[Plan Status] = ""Active Plan"" )
    )
RETURN
    DIVIDE( Numerator, [# of Account Plans] )",Ratio Percentage,Yes,No - The formula is unique and calculates a percentage based on active account plans.,Yes - This measure aligns with enterprise standards as it provides a key business metric (percentage of accounts with active plans).,Yes - The calculation logic is clear and uses descriptive variable names to explain the measure's purpose.,"Medium - The measure uses nested functions and a variable, which adds moderate complexity but is appropriate for the business purpose.",Yes - The name clearly reflects the calculation purpose and avoids abbreviations.,"No - No description is provided, which makes it harder for users to understand the measure's purpose.",Yes - The formula uses fully qualified column references and adheres to DAX standards.,0.200,0.200,0.300,0.300,0.000,0.200,0.300,0.300,0.400,0.400,0.400,0.400,0.200,0.200,0.900,0.800,1.000,"Calculates the percentage of accounts with active plans, providing a key business metric.",Add a description to explain the business context and purpose of the measure. No changes needed to the calculation logic.,No changes needed as the naming convention is clear and descriptive.
Account Planning,Not Analyzed,% Accounts w/ No Plan,"VAR Numerator =
    CALCULATE (
        [# of Account Plans],
        KEEPFILTERS ( 'Account'[Plan Status] = ""No Plan"" )
    )
RETURN
    DIVIDE ( Numerator, [# of Account Plans] )",Undocumented,No,Not Analyzed - ,Not Analyzed - ,Not Analyzed - ,Not Analyzed - ,Not Analyzed - ,Not Analyzed - ,Not Analyzed - ,0.000,0.200,0.000,0.300,0.000,0.200,0.000,0.300,0.000,0.400,0.000,0.400,0.000,0.200,0.000,0.000,0.000,Not analyzed by AI,,
Account Planning,Not Analyzed,% Accounts w/ Inactive Plan,"VAR Numerator =
    CALCULATE (
        [# of Account Plans],
        KEEPFILTERS ( 'Account'[Plan Status]  = ""Inactive Plan"" )
    )
RETURN
    DIVIDE ( Numerator, [# of Account Plans],"""" )",Undocumented,No,Not Analyzed - ,Not Analyzed - ,Not Analyzed - ,Not Analyzed - ,Not Analyzed - ,Not Analyzed - ,Not Analyzed - ,0.000,0.200,0.000,0.300,0.000,0.200,0.000,0.300,0.000,0.400,0.000,0.400,0.000,0.200,0.000,0.000,0.000,Not analyzed by AI,,
Account Planning,Not Analyzed,% Accounts w/ Plan Close to Inactive,"VAR Numerator =
    CALCULATE (
        [# of Account Plans],
        KEEPFILTERS ( 'Account'[Plan Status] = ""Plan Close to Inactive"" )
    )
RETURN
    DIVIDE ( Numerator, [# of Account Plans],"""" )",Undocumented,No,Not Analyzed - ,Not Analyzed - ,Not Analyzed - ,Not Analyzed - ,Not Analyzed - ,Not Analyzed - ,Not Analyzed - ,0.000,0.200,0.000,0.300,0.000,0.200,0.000,0.300,0.000,0.400,0.000,0.400,0.000,0.200,0.000,0.000,0.000,Not analyzed by AI,,
Account Planning,Warning,# Plans with Opportunities,"CALCULATE (
    [# of Account Plans],
    FILTER (
        VALUES ( 'Account'[AccountPlanID] ),
        [# of Priorities w/ Pipeline] > 0
    )
)",Calculated Measure,Yes,No - The measure uses a unique combination of CALCULATE and FILTER to derive the count of account plans with pipeline priorities.,Yes - The measure aligns with enterprise standards as it calculates a commonly required metric for account planning.,No - The calculation logic is moderately complex due to nested functions and lacks a description to clarify its purpose.,"Medium - The measure uses three nested functions, which adds moderate complexity but is appropriate for the business purpose.",Yes - The name clearly reflects the calculation and business purpose without abbreviations.,"No - The measure lacks a description, which reduces its clarity for business users.",Yes - The measure uses fully qualified column references and proper measure referencing.,0.200,0.200,0.300,0.300,0.000,0.200,0.300,0.300,0.400,0.400,0.400,0.400,0.200,0.200,0.900,0.800,1.000,"Counts the number of account plans with pipeline priorities, supporting strategic account planning.",Add a description to explain the business purpose of the measure and simplify the logic if possible to improve user accessibility.,No changes needed; the name is clear and business-focused.
Account Planning,Good,% Accounts w/ Plan w/ Oppty,"DIVIDE ( [# Plans with Opportunities], [# of Account Plans],"""" )",Ratio Percentage,Yes,No - The measure uses a unique DIVIDE function to calculate the percentage of accounts with plans that have opportunities.,Yes - The measure represents a standard business metric for account planning and aligns with enterprise standards.,Yes - The calculation logic is simple and uses a straightforward DIVIDE function.,"Low - The measure uses a single DIVIDE function, making it simple and easy to understand.","Yes - The name is clear, descriptive, and business-focused without abbreviations.","No - The measure lacks a description, which could improve clarity for business users.",Yes - The measure uses proper referencing for measures and columns.,0.200,0.200,0.300,0.300,0.000,0.200,0.300,0.300,0.400,0.400,0.400,0.400,0.200,0.200,0.900,0.800,1.000,"Calculates the percentage of accounts with plans that have opportunities, supporting strategic account planning.",Add a description to explain the business purpose of the measure.,No changes needed; the name is clear and business-focused.
Account Planning,Good,% Accounts w/ Strategic or Full Plan,"
    DIVIDE ( [# Accounts w/ Strategic or Full Plan], [# of Account Plans],"""")",Ratio Percentage,Yes,No - The measure uses a unique DIVIDE function to calculate the percentage of accounts with strategic or full plans.,Yes - The measure represents a standard business metric for account planning and aligns with enterprise standards.,Yes - The calculation logic is simple and uses a straightforward DIVIDE function.,"Low - The measure uses a single DIVIDE function, making it simple and easy to understand.","Yes - The name is clear, descriptive, and business-focused without abbreviations.","No - The measure lacks a description, which could improve clarity for business users.",Yes - The measure uses proper referencing for measures and columns.,0.200,0.200,0.300,0.300,0.000,0.200,0.300,0.300,0.400,0.400,0.400,0.400,0.200,0.200,0.900,0.800,1.000,"Calculates the percentage of accounts with strategic or full plans, supporting strategic account planning.",Add a description to explain the business purpose of the measure.,No changes needed; the name is clear and business-focused.
Account Planning,Warning,# Accounts w/ Strategic or Full Plan,"
    CALCULATE (
        [# of Account Plans],
        KEEPFILTERS ( 'Account'[Plan Type] IN {""0-Strategic"",""1-Full""} )
    )",Simple Aggregation,Yes,"No - The measure uses a unique filter logic to calculate accounts with specific plan types, which is distinct from other measures.",Yes - The measure aligns with enterprise standards by providing a count of accounts based on strategic business criteria.,"Yes - The calculation logic is straightforward, filtering accounts based on plan types and summing them.","Low - The measure uses simple filtering and aggregation, which is appropriate for its business purpose.","Yes - The name clearly reflects the calculation and business purpose, avoiding abbreviations or cryptic labels.","No - The measure lacks a description, which reduces its clarity for business users.",Yes - The measure uses proper DAX syntax with fully qualified column references and unqualified measure references.,0.200,0.200,0.300,0.300,0.000,0.200,0.300,0.300,0.400,0.400,0.400,0.400,0.200,0.200,0.900,0.800,1.000,"Provides a count of accounts with strategic or full plans, supporting strategic planning and reporting.",Ensure all measures have descriptions to improve business user accessibility and understanding.,Maintain the current naming convention as it aligns well with enterprise standards.
Account Planning,Warning,# Plans Manager Reviewed (last 6 months),"CALCULATE (
  [# of Account Plans],
  FILTER( 'Account','Account'[Manager Reviewed Date] >= (TODAY()-180)))",Time Intelligence,Yes,"No - The measure uses a unique filter logic based on date criteria, distinct from other measures.",Yes - The measure aligns with enterprise standards by providing a count of plans reviewed within a specific timeframe.,"Yes - The calculation logic is clear, filtering plans based on review dates and summing them.","Medium - The measure uses nested functions and date filtering, which adds moderate complexity but is appropriate for its business purpose.","Yes - The name clearly reflects the calculation and business purpose, avoiding abbreviations or cryptic labels.","No - The measure lacks a description, which reduces its clarity for business users.",Yes - The measure uses proper DAX syntax with fully qualified column references and unqualified measure references.,0.200,0.200,0.300,0.300,0.000,0.200,0.200,0.300,0.400,0.400,0.400,0.400,0.200,0.200,0.850,0.700,1.000,"Provides a count of plans reviewed by managers within the last six months, supporting performance tracking and reporting.",Ensure all measures have descriptions to improve business user accessibility and understanding.,Maintain the current naming convention as it aligns well with enterprise standards.
Account Planning,Good,% Plans Manager Reviewed (last 6 months),"
    DIVIDE([# Plans Manager Reviewed (last 6 months)], [# of Account Plans],"""")",Ratio Percentage,Yes,"No - The measure uses a unique ratio calculation, distinct from other measures.",Yes - The measure aligns with enterprise standards by providing a percentage metric for manager-reviewed plans.,"Yes - The calculation logic is straightforward, dividing reviewed plans by total plans.","Low - The measure uses simple division, which is appropriate for its business purpose.","Yes - The name clearly reflects the calculation and business purpose, avoiding abbreviations or cryptic labels.","No - The measure lacks a description, which reduces its clarity for business users.",Yes - The measure uses proper DAX syntax with unqualified measure references.,0.200,0.200,0.300,0.300,0.000,0.200,0.300,0.300,0.400,0.400,0.400,0.400,0.200,0.200,0.900,0.800,1.000,"Provides the percentage of plans reviewed by managers within the last six months, supporting performance tracking and reporting.",Ensure all measures have descriptions to improve business user accessibility and understanding.,Maintain the current naming convention as it aligns well with enterprise standards.
Account Planning,Warning,# Accounts w/ Stakeholder Map,"CALCULATE (
        [# of Account Plans],
        KEEPFILTERS ( 'Account'[Has Stakeholder] = ""Yes"" )
    )",Simple Aggregation,Yes,No - The measure has a unique calculation logic using CALCULATE and KEEPFILTERS to filter accounts with stakeholder maps.,"Yes - The measure aligns with enterprise standards as it provides a count of accounts with a specific attribute, which is a common business requirement.","Yes - The calculation logic is straightforward and uses common DAX functions like CALCULATE and KEEPFILTERS, which are easy to understand.","Low - The measure uses only two nested functions and has a simple filtering logic, making it easy to comprehend and maintain.","Yes - The name clearly reflects the calculation and business purpose, avoiding abbreviations or cryptic labels.","No - The measure lacks a description, which reduces its clarity for business users.","Yes - The measure uses fully qualified column references and unqualified measure references, adhering to DAX standards.",0.200,0.200,0.300,0.300,0.000,0.200,0.300,0.300,0.400,0.400,0.400,0.400,0.200,0.200,0.900,0.800,1.000,"Counts the number of accounts with stakeholder maps, supporting stakeholder analysis and account planning.",Ensure all measures have descriptions to improve business user accessibility. Consider adding a description explaining the purpose of the measure and its calculation logic.,No changes needed as the naming convention is clear and adheres to enterprise standards.
Account Planning,Warning,% Accounts w/ Stakeholder Map,"
    DIVIDE( [# Accounts w/ Stakeholder Map], [# of Account Plans],"""")",Ratio Percentage,Yes,No - The measure uses a unique calculation logic with DIVIDE to calculate the percentage of accounts with stakeholder maps.,"Yes - The measure aligns with enterprise standards as it calculates a percentage, which is a common business metric.","Yes - The calculation logic is simple and uses the DIVIDE function, which is easy to understand.",Low - The measure uses a single function and has a straightforward calculation logic.,"Yes - The name clearly reflects the calculation and business purpose, avoiding abbreviations or cryptic labels.","No - The measure lacks a description, which reduces its clarity for business users.","Yes - The measure uses unqualified measure references, adhering to DAX standards.",0.200,0.200,0.300,0.300,0.000,0.200,0.300,0.300,0.400,0.400,0.400,0.400,0.200,0.200,0.900,0.800,1.000,"Calculates the percentage of accounts with stakeholder maps, supporting stakeholder analysis and account planning.",Ensure all measures have descriptions to improve business user accessibility. Consider adding a description explaining the purpose of the measure and its calculation logic.,No changes needed as the naming convention is clear and adheres to enterprise standards.
Account Planning,Issue,% of Priorities w/ future Date,"
VAR Numerator = CALCULATE( [# of Active Priorities],
    KEEPFILTERS( 'Account Plan Priority'[Time Frame Date] > today() )
)        
                                                            
RETURN DIVIDE(Numerator,[# of Active Priorities],"""") ",Complex Calculation,Yes,No - The measure has a unique calculation logic using VAR and CALCULATE to filter priorities with future dates.,No - The measure does not align with standard enterprise metrics and appears to be more ad-hoc.,"No - The calculation logic is complex with multiple nested functions, making it harder to understand.","High - The measure uses four nested functions and a variable, which increases its complexity.","Yes - The name clearly reflects the calculation and business purpose, avoiding abbreviations or cryptic labels.","No - The measure lacks a description, which reduces its clarity for business users.","Yes - The measure uses fully qualified column references and unqualified measure references, adhering to DAX standards.",0.200,0.200,0.000,0.300,0.000,0.200,0.100,0.300,0.400,0.400,0.400,0.400,0.200,0.200,0.650,0.300,1.000,"Calculates the percentage of priorities with future dates, supporting priority planning and timeline analysis.",Simplify the calculation logic to improve readability and maintainability. Add a description to explain the purpose and calculation logic in business terms.,No changes needed as the naming convention is clear and adheres to enterprise standards.
Account Planning,Not Analyzed,Linked to Objectives,"var Num=CALCULATE([# of Priorities],'Account Planning'[CustomerObjectiveId] <> """",
    'Account'[Plan Type] IN {""0-Strategic"",""1-Full""},
    KEEPFILTERS('Account Plan Priority'[Priority Status] = ""Active"")
)
 Var Den=   CALCULATE([# of Priorities],'Account'[Plan Type] IN {""0-Strategic"",""1-Full""},
        KEEPFILTERS('Account Plan Priority'[Priority Status] = ""Active"")    )
 
RETURN DIVIDE(Num,Den)",Ratio Percentage,No,Not Analyzed - ,Not Analyzed - ,Not Analyzed - ,Not Analyzed - ,Not Analyzed - ,Not Analyzed - ,Not Analyzed - ,0.000,0.200,0.000,0.300,0.000,0.200,0.000,0.300,0.000,0.400,0.000,0.400,0.000,0.200,0.000,0.000,0.000,Not analyzed by AI,,
Account Planning,Not Analyzed,Modified On,"IF(MAX('Account'[Days Since Modified])=BLANK(),BLANK(),IF(MAX('Account'[Days Since Modified])>30,0,1))",Complex Calculation,No,Not Analyzed - ,Not Analyzed - ,Not Analyzed - ,Not Analyzed - ,Not Analyzed - ,Not Analyzed - ,Not Analyzed - ,0.000,0.200,0.000,0.300,0.000,0.200,0.000,0.300,0.000,0.400,0.000,0.400,0.000,0.200,0.000,0.000,0.000,Not analyzed by AI,,
Account Planning,Not Analyzed,Last Reviewed,"

SWITCH (

    TRUE,

    MAX ( 'Account'[Manager Reviewed Date] ) = BLANK (), BLANK (),

    MAX ( 'Account'[Manager Reviewed Flag] ) = ""Yes""

        && MAX ( 'Account'[Manager Reviewed Date] )

            > TODAY () - 90, 1,

    0

)",Complex Calculation,No,Not Analyzed - ,Not Analyzed - ,Not Analyzed - ,Not Analyzed - ,Not Analyzed - ,Not Analyzed - ,Not Analyzed - ,0.000,0.200,0.000,0.300,0.000,0.200,0.000,0.300,0.000,0.400,0.000,0.400,0.000,0.200,0.000,0.000,0.000,Not analyzed by AI,,
Account Planning,Issue,# of Plans w/ Priority,"SUMX( VALUES( 'Account Planning'[AccountPlanID] ), 1 )
                ",Simple Aggregation,Yes,"No - The measure uses a unique SUMX formula to count AccountPlanID values, which is distinct from other measures.",No - The measure does not align with standard enterprise measures like Total Sales or Gross Margin.,"No - The calculation logic is not intuitive without a description, as it uses SUMX with a constant value.",Low - The formula is straightforward with only two nested functions and minimal complexity.,No - The name includes abbreviations ('w/') and lacks clarity about the calculation purpose.,"No - The measure lacks a description, making it harder for business users to understand its purpose.",Yes - The formula uses fully qualified column references ('Account Planning'[AccountPlanID]).,0.200,0.200,0.000,0.300,0.000,0.200,0.300,0.300,0.200,0.400,0.000,0.400,0.200,0.200,0.450,0.500,0.400,Counts the number of account plans with priority assigned.,Add a description to explain the business purpose of counting AccountPlanID values. Consider aligning the measure with enterprise standards if applicable.,Rename the measure to 'Total_Plans_With_Priority' for clarity and alignment with naming standards.
Account Planning,Warning,% of Priorities with Partner,"
VAR Numerator = CALCULATE([# of Priorities] ,
    KEEPFILTERS('Account Plan Partners'[AccountPartnerProfileId] <> """")
)
VAR Denominator = [# of Priorities]


RETURN DIVIDE(Numerator,Denominator, BLANK())",Ratio Percentage,Yes,"No - The measure uses a unique VAR-based calculation with DIVIDE, which is distinct from other measures.",No - The measure does not align with standard enterprise measures but serves a specific business purpose.,"Yes - The calculation logic is clear, using numerator and denominator variables to calculate a percentage.","Medium - The formula involves multiple nested functions and variables, making it moderately complex.",Yes - The name is descriptive and clearly reflects the calculation purpose.,"No - The measure lacks a description, which would improve its clarity for business users.","Yes - The formula uses proper DAX references, including fully qualified column references and unqualified measure references.",0.200,0.200,0.000,0.300,0.000,0.200,0.200,0.300,0.400,0.400,0.400,0.400,0.200,0.200,0.700,0.400,1.000,Calculates the percentage of priorities associated with partners.,Add a description to explain the business purpose of calculating the percentage of priorities with partners.,No changes needed; the name is already clear and descriptive.
Account Planning,Warning,% Plans Reviewed < 90 Days,"DIVIDE([# plans with manger reviewed date in last 90 days],[# of Account Plans],"""")",Ratio Percentage,Yes,"No - The measure uses a unique DIVIDE formula to calculate a percentage, which is distinct from other measures.",No - The measure does not align with standard enterprise measures but serves a specific business purpose.,"Yes - The calculation logic is clear, dividing reviewed plans by total account plans.",Low - The formula is straightforward with only one nested function.,Yes - The name is descriptive and clearly reflects the calculation purpose.,"No - The measure lacks a description, which would improve its clarity for business users.","Yes - The formula uses proper DAX references, including unqualified measure references.",0.200,0.200,0.000,0.300,0.000,0.200,0.300,0.300,0.400,0.400,0.400,0.400,0.200,0.200,0.750,0.500,1.000,Calculates the percentage of account plans reviewed within the last 90 days.,Add a description to explain the business purpose of calculating the percentage of plans reviewed within 90 days.,No changes needed; the name is already clear and descriptive.
Account Planning,Not Analyzed,# plans with manger reviewed date in last 90 days,"CALCULATE (
  [# of Account Plans],
  FILTER( 'Account','Account'[Manager Reviewed Date] >= (TODAY()-90)))",Calculated Measure,No,Not Analyzed - ,Not Analyzed - ,Not Analyzed - ,Not Analyzed - ,Not Analyzed - ,Not Analyzed - ,Not Analyzed - ,0.000,0.200,0.000,0.300,0.000,0.200,0.000,0.300,0.000,0.400,0.000,0.400,0.000,0.200,0.000,0.000,0.000,Not analyzed by AI,,
Account Planning,Warning,# plans with days since modified < 30 days,"CALCULATE (
  [# of Account Plans],
  FILTER( 'Account','Account'[Days Since Modified] < 30))",Simple Aggregation,Yes,No - The measure has a unique calculation logic filtering accounts based on days since modification.,No - This measure is specific to the business process of account planning and does not align with standard enterprise measures like Total Sales or Gross Margin.,"Yes - The calculation logic is straightforward and filters accounts based on a numeric threshold, which is easy to understand.",Low - The measure uses simple filtering logic with minimal complexity.,Yes - The name clearly reflects the calculation logic and business purpose without abbreviations or cryptic labels.,"No - The measure lacks a description, which would help clarify its business purpose and calculation logic.",Yes - The formula uses fully qualified column references and adheres to DAX standards.,0.200,0.200,0.000,0.300,0.000,0.200,0.300,0.300,0.400,0.400,0.400,0.400,0.200,0.200,0.750,0.500,1.000,Tracks account plans modified within the last 30 days to monitor recent updates.,Consider adding a description to explain the business purpose of filtering accounts based on days since modification.,No changes needed as the naming convention is clear and descriptive.
Account Planning,Good,% Plans Modified < 30 Days,"DIVIDE([# plans with days since modified < 30 days],[# of Account Plans],"""")",Ratio Percentage,Yes,No - The measure has a unique calculation logic dividing two other measures to calculate a percentage.,Yes - This measure aligns with standard business patterns for calculating percentages and ratios.,"Yes - The calculation logic is straightforward and uses division to calculate a percentage, which is easy to understand.",Low - The measure uses simple division logic with minimal complexity.,Yes - The name clearly reflects the calculation logic and business purpose without abbreviations or cryptic labels.,"No - The measure lacks a description, which would help clarify its business purpose and calculation logic.",Yes - The formula uses unqualified measure references and adheres to DAX standards.,0.200,0.200,0.300,0.300,0.000,0.200,0.300,0.300,0.400,0.400,0.400,0.400,0.200,0.200,0.900,0.800,1.000,Calculates the percentage of account plans modified within the last 30 days to monitor update frequency.,Consider adding a description to explain the business purpose of calculating the percentage of plans modified within the last 30 days.,No changes needed as the naming convention is clear and descriptive.
Account Planning,Not Analyzed,% of Priorities with Top Priority,"DIVIDE( [# of Top Priorities], [# of Active Priorities],"""" )",Ratio Percentage,No,Not Analyzed - ,Not Analyzed - ,Not Analyzed - ,Not Analyzed - ,Not Analyzed - ,Not Analyzed - ,Not Analyzed - ,0.000,0.200,0.000,0.300,0.000,0.200,0.000,0.300,0.000,0.400,0.000,0.400,0.000,0.200,0.000,0.000,0.000,Not analyzed by AI,,
Account Planning,Not Analyzed,% of Top Priorities with CSP,"DIVIDE([# of Top Priorities with CSP],[# of Top Priorities])",Ratio Percentage,No,Not Analyzed - ,Not Analyzed - ,Not Analyzed - ,Not Analyzed - ,Not Analyzed - ,Not Analyzed - ,Not Analyzed - ,0.000,0.200,0.000,0.300,0.000,0.200,0.000,0.300,0.000,0.400,0.000,0.400,0.000,0.200,0.000,0.000,0.000,Not analyzed by AI,,
Account Planning,Not Analyzed,# of Top Priorities with CSP,"CALCULATE([# of Top Priorities],KEEPFILTERS('Account Plan Priority'[Is Top Priority with CSP]= TRUE))",Calculated Measure,No,Not Analyzed - ,Not Analyzed - ,Not Analyzed - ,Not Analyzed - ,Not Analyzed - ,Not Analyzed - ,Not Analyzed - ,0.000,0.200,0.000,0.300,0.000,0.200,0.000,0.300,0.000,0.400,0.000,0.400,0.000,0.200,0.000,0.000,0.000,Not analyzed by AI,,
Account Planning,Warning,# of Top Priorities,"CALCULATE([# of Active Priorities]
    ,KEEPFILTERS('Account Plan Priority'[Is Top Priority Linked to Active Customer]= TRUE))",Simple Aggregation,Yes,No - The measure uses a unique calculation logic involving CALCULATE and KEEPFILTERS to filter based on a specific condition.,No - The measure is specific to the business context and does not align with standard enterprise measures like Total Sales or Gross Margin.,No - The calculation logic is somewhat clear but lacks a description to explain its business purpose.,Low - The measure uses basic DAX functions (CALCULATE and KEEPFILTERS) with minimal complexity.,Yes - The name clearly reflects the measure's purpose and calculation logic.,"No - The measure lacks a description, which makes it harder for business users to understand its purpose.",Yes - The measure uses fully qualified column references and proper DAX syntax.,0.200,0.200,0.000,0.300,0.000,0.200,0.300,0.300,0.400,0.400,0.400,0.400,0.200,0.200,0.750,0.500,1.000,Counts the number of top priorities linked to active customers for account planning purposes.,Add a description to explain the business purpose of the measure. Consider aligning the measure with enterprise standards if applicable.,No changes needed as the naming convention is clear and descriptive.
Account Planning,Warning,# Accounts with MACC,"CALCULATE([TPID Count],KEEPFILTERS(Account[Has MACC Pipeline]=""Yes""))",Simple Aggregation,Yes,No - The measure uses a unique calculation logic involving CALCULATE and KEEPFILTERS to filter based on a specific condition.,No - The measure is specific to the business context and does not align with standard enterprise measures like Total Sales or Gross Margin.,No - The calculation logic is somewhat clear but lacks a description to explain its business purpose.,Low - The measure uses basic DAX functions (CALCULATE and KEEPFILTERS) with minimal complexity.,Yes - The name clearly reflects the measure's purpose and calculation logic.,"No - The measure lacks a description, which makes it harder for business users to understand its purpose.",Yes - The measure uses fully qualified column references and proper DAX syntax.,0.200,0.200,0.000,0.300,0.000,0.200,0.300,0.300,0.400,0.400,0.400,0.400,0.200,0.200,0.750,0.500,1.000,Counts the number of accounts with MACC pipeline for account planning purposes.,Add a description to explain the business purpose of the measure. Consider aligning the measure with enterprise standards if applicable.,No changes needed as the naming convention is clear and descriptive.
Account Planning,Warning,% Accounts with MACC Consumption Plan,"VAR _Num=CALCULATE([# Accounts with MACC],KEEPFILTERS(Account[Consumption Flag]=""Yes""))

RETURN DIVIDE(_Num,[# Accounts with MACC],"""")

",Ratio Percentage,Yes,No - The measure uses a unique calculation logic involving VAR and DIVIDE functions to calculate a percentage.,No - The measure is specific to the business context and does not align with standard enterprise measures like Total Sales or Gross Margin.,No - The calculation logic is somewhat clear but lacks a description to explain its business purpose.,"Medium - The measure uses intermediate DAX functions (VAR, CALCULATE, DIVIDE) with moderate complexity.",Yes - The name clearly reflects the measure's purpose and calculation logic.,"No - The measure lacks a description, which makes it harder for business users to understand its purpose.",Yes - The measure uses fully qualified column references and proper DAX syntax.,0.200,0.200,0.000,0.300,0.000,0.200,0.200,0.300,0.400,0.400,0.400,0.400,0.200,0.200,0.700,0.400,1.000,Calculates the percentage of accounts with MACC consumption plans for account planning purposes.,Add a description to explain the business purpose of the measure. Consider aligning the measure with enterprise standards if applicable.,No changes needed as the naming convention is clear and descriptive.
Account Planning,Not Analyzed,% of Accounts with QBR,"
var num=CALCULATE([TPID Count],KEEPFILTERS(Account[isqbr]=""yes""))

RETURN DIVIDE(num,[TPID Count],BLANK())
",Ratio Percentage,No,Not Analyzed - ,Not Analyzed - ,Not Analyzed - ,Not Analyzed - ,Not Analyzed - ,Not Analyzed - ,Not Analyzed - ,0.000,0.200,0.000,0.300,0.000,0.200,0.000,0.300,0.000,0.400,0.000,0.400,0.000,0.200,0.000,0.000,0.000,Not analyzed by AI,,
Account Planning,Not Analyzed,% of Accounts with CSDR Within Last 30 Days,"
var den=CALCULATE( [TPID Count], KEEPFILTERS( Account[Has Premier Unified] = ""Yes"" ), KEEPFILTERS( Account[Has CSDR] = ""Yes"" ) )
var num=CALCULATE( [TPID Count], KEEPFILTERS( Account[Has Premier Unified] = ""Yes"" ), KEEPFILTERS( Account[Has CSDR within 30 Days] = ""Yes"" ) )

RETURN DIVIDE(num,den,"""")
",Ratio Percentage,No,Not Analyzed - ,Not Analyzed - ,Not Analyzed - ,Not Analyzed - ,Not Analyzed - ,Not Analyzed - ,Not Analyzed - ,0.000,0.200,0.000,0.300,0.000,0.200,0.000,0.300,0.000,0.400,0.000,0.400,0.000,0.200,0.000,0.000,0.000,Not analyzed by AI,,
Account Planning,Not Analyzed,# of Active Priorities,"CALCULATE([# of Priorities],KEEPFILTERS('Account Plan Priority'[Priority Status]=""Active""))",Calculated Measure,No,Not Analyzed - ,Not Analyzed - ,Not Analyzed - ,Not Analyzed - ,Not Analyzed - ,Not Analyzed - ,Not Analyzed - ,0.000,0.200,0.000,0.300,0.000,0.200,0.000,0.300,0.000,0.400,0.000,0.400,0.000,0.200,0.000,0.000,0.000,Not analyzed by AI,,
Pipeline,Not Analyzed,% Billed Pipeline w/ Priority,"VAR X = CALCULATE([Billed Pipeline],KEEPFILTERS('Opportunity'[ParentingLevel Oppties]=""TopParentOppties""))

RETURN DIVIDE( [Billed Pipeline w/ Priority], X )",Ratio Percentage,No,Not Analyzed - ,Not Analyzed - ,Not Analyzed - ,Not Analyzed - ,Not Analyzed - ,Not Analyzed - ,Not Analyzed - ,0.000,0.200,0.000,0.300,0.000,0.200,0.000,0.300,0.000,0.400,0.000,0.400,0.000,0.200,0.000,0.000,0.000,Not analyzed by AI,,
Pipeline,Not Analyzed,Billed Pipeline,[Billed Pipeline Base],Undocumented,No,Not Analyzed - ,Not Analyzed - ,Not Analyzed - ,Not Analyzed - ,Not Analyzed - ,Not Analyzed - ,Not Analyzed - ,0.000,0.200,0.000,0.300,0.000,0.200,0.000,0.300,0.000,0.400,0.000,0.400,0.000,0.200,0.000,0.000,0.000,Not analyzed by AI,,
Pipeline,Not Analyzed,Billed Opportunity Count,"CALCULATE([Opportunity Count], KEEPFILTERS(Opportunity[Qualified Pipeline Flag] = 1))",Calculated Measure,No,Not Analyzed - ,Not Analyzed - ,Not Analyzed - ,Not Analyzed - ,Not Analyzed - ,Not Analyzed - ,Not Analyzed - ,0.000,0.200,0.000,0.300,0.000,0.200,0.000,0.300,0.000,0.400,0.000,0.400,0.000,0.200,0.000,0.000,0.000,Not analyzed by AI,,
Pipeline,Not Analyzed,Opportunity Count,"SUMX(VALUES('Pipeline'[dimopportunitykey]),1)",Undocumented,No,Not Analyzed - ,Not Analyzed - ,Not Analyzed - ,Not Analyzed - ,Not Analyzed - ,Not Analyzed - ,Not Analyzed - ,0.000,0.200,0.000,0.300,0.000,0.200,0.000,0.300,0.000,0.400,0.000,0.400,0.000,0.200,0.000,0.000,0.000,Not analyzed by AI,,
Pipeline,Not Analyzed,Committed Pipeline,"CALCULATE([Billed Pipeline],KEEPFILTERS(Opportunity[Forecast Recommendation]=""Committed""))",Calculated Measure,No,Not Analyzed - ,Not Analyzed - ,Not Analyzed - ,Not Analyzed - ,Not Analyzed - ,Not Analyzed - ,Not Analyzed - ,0.000,0.200,0.000,0.300,0.000,0.200,0.000,0.300,0.000,0.400,0.000,0.400,0.000,0.200,0.000,0.000,0.000,Not analyzed by AI,,
Pipeline,Not Analyzed,Committed at Risk Pipeline,"CALCULATE([Billed Pipeline],KEEPFILTERS('Opportunity'[Forecast Recommendation]=""Committed at Risk""))",Calculated Measure,No,Not Analyzed - ,Not Analyzed - ,Not Analyzed - ,Not Analyzed - ,Not Analyzed - ,Not Analyzed - ,Not Analyzed - ,0.000,0.200,0.000,0.300,0.000,0.200,0.000,0.300,0.000,0.400,0.000,0.400,0.000,0.200,0.000,0.000,0.000,Not analyzed by AI,,
Pipeline,Not Analyzed,Committed + Risk Pipeline,[Committed Pipeline] + [Committed at Risk Pipeline],Undocumented,No,Not Analyzed - ,Not Analyzed - ,Not Analyzed - ,Not Analyzed - ,Not Analyzed - ,Not Analyzed - ,Not Analyzed - ,0.000,0.200,0.000,0.300,0.000,0.200,0.000,0.300,0.000,0.400,0.000,0.400,0.000,0.200,0.000,0.000,0.000,Not analyzed by AI,,
Pipeline,Not Analyzed,Billed Pipeline w/ Priority,"CALCULATE (SUM('Priority Pipeline'[PipelineUSD])
        ,KEEPFILTERS('Priority Pipeline'[PipelineType] = ""Billed""))",Undocumented,No,Not Analyzed - ,Not Analyzed - ,Not Analyzed - ,Not Analyzed - ,Not Analyzed - ,Not Analyzed - ,Not Analyzed - ,0.000,0.200,0.000,0.300,0.000,0.200,0.000,0.300,0.000,0.400,0.000,0.400,0.000,0.200,0.000,0.000,0.000,Not analyzed by AI,,
Pipeline,Not Analyzed,ACR Pipeline,[ACR Pipeline Base],Undocumented,No,Not Analyzed - ,Not Analyzed - ,Not Analyzed - ,Not Analyzed - ,Not Analyzed - ,Not Analyzed - ,Not Analyzed - ,0.000,0.200,0.000,0.300,0.000,0.200,0.000,0.300,0.000,0.400,0.000,0.400,0.000,0.200,0.000,0.000,0.000,Not analyzed by AI,,
Pipeline,Not Analyzed,Future year ACR Pipeline,"CALCULATE (
    [ACR Pipeline w/ Priority],
    KEEPFILTERS ( 'Calendar'[Relative Year] = ""CY+1"" ),
    ALL ( 'Calendar' )
)",Undocumented,No,Not Analyzed - ,Not Analyzed - ,Not Analyzed - ,Not Analyzed - ,Not Analyzed - ,Not Analyzed - ,Not Analyzed - ,0.000,0.200,0.000,0.300,0.000,0.200,0.000,0.300,0.000,0.400,0.000,0.400,0.000,0.200,0.000,0.000,0.000,Not analyzed by AI,,
Pipeline,Not Analyzed,ACR Pipeline w/ Priority,"CALCULATE (SUM('Priority Pipeline'[ACRPipelineUSD])
        ,KEEPFILTERS('Priority Pipeline'[PipelineType] = ""Consumption""))",Undocumented,No,Not Analyzed - ,Not Analyzed - ,Not Analyzed - ,Not Analyzed - ,Not Analyzed - ,Not Analyzed - ,Not Analyzed - ,0.000,0.200,0.000,0.300,0.000,0.200,0.000,0.300,0.000,0.400,0.000,0.400,0.000,0.200,0.000,0.000,0.000,Not analyzed by AI,,
Pipeline,Not Analyzed,Future Year Billed Pipeline,"CALCULATE (
    [Billed Pipeline w/ Priority],
    KEEPFILTERS ( 'Calendar'[Relative Year] = ""CY+1"" ), ALL('Calendar')
)",Undocumented,No,Not Analyzed - ,Not Analyzed - ,Not Analyzed - ,Not Analyzed - ,Not Analyzed - ,Not Analyzed - ,Not Analyzed - ,0.000,0.200,0.000,0.300,0.000,0.200,0.000,0.300,0.000,0.400,0.000,0.400,0.000,0.200,0.000,0.000,0.000,Not analyzed by AI,,
Pipeline,Not Analyzed,# Opportunities w/ Priority,"SUMX( VALUES( 'Priority Pipeline'[dimopportunitykey] ), 1 )
            
    ",Undocumented,No,Not Analyzed - ,Not Analyzed - ,Not Analyzed - ,Not Analyzed - ,Not Analyzed - ,Not Analyzed - ,Not Analyzed - ,0.000,0.200,0.000,0.300,0.000,0.200,0.000,0.300,0.000,0.400,0.000,0.400,0.000,0.200,0.000,0.000,0.000,Not analyzed by AI,,
Pipeline,Not Analyzed,# Billed Oppties w/ Priority,"CALCULATE([# Opportunities w/ Priority],KEEPFILTERS('Priority Pipeline'[PipelineType]=""Billed""))",Calculated Measure,No,Not Analyzed - ,Not Analyzed - ,Not Analyzed - ,Not Analyzed - ,Not Analyzed - ,Not Analyzed - ,Not Analyzed - ,0.000,0.200,0.000,0.300,0.000,0.200,0.000,0.300,0.000,0.400,0.000,0.400,0.000,0.200,0.000,0.000,0.000,Not analyzed by AI,,
Pipeline,Not Analyzed,# Consumed Oppties w/ Priority,"CALCULATE([# Opportunities w/ Priority],KEEPFILTERS('Priority Pipeline'[PipelineType]=""Consumption""))",Calculated Measure,No,Not Analyzed - ,Not Analyzed - ,Not Analyzed - ,Not Analyzed - ,Not Analyzed - ,Not Analyzed - ,Not Analyzed - ,0.000,0.200,0.000,0.300,0.000,0.200,0.000,0.300,0.000,0.400,0.000,0.400,0.000,0.200,0.000,0.000,0.000,Not analyzed by AI,,
Pipeline,Not Analyzed,% of Billed Opties w/ future date,"
VAR Numerator = CALCULATE([# Billed Oppties w/ Priority]
               ,KEEPFILTERS('Opportunity'[Open Opportunity Flag] =1)
               ,KEEPFILTERS(Opportunity[Opportunity Due Date] > today())
) 
VAR Denominator = CALCULATE([# Billed Oppties w/ Priority]
                  ,KEEPFILTERS('Opportunity'[Open Opportunity Flag] =1)
)                                                         

RETURN DIVIDE(Numerator,Denominator) ",Ratio Percentage,No,Not Analyzed - ,Not Analyzed - ,Not Analyzed - ,Not Analyzed - ,Not Analyzed - ,Not Analyzed - ,Not Analyzed - ,0.000,0.200,0.000,0.300,0.000,0.200,0.000,0.300,0.000,0.400,0.000,0.400,0.000,0.200,0.000,0.000,0.000,Not analyzed by AI,,
Pipeline,Not Analyzed,% of Consumption Opties w/ future date,"
VAR Numerator = CALCULATE([# Consumed Oppties w/ Priority]
               ,KEEPFILTERS('Opportunity'[Open Opportunity Flag] =1)
               ,KEEPFILTERS(Opportunity[Estimated Completion Date] > today())
) 
VAR Denominator = CALCULATE([# Consumed Oppties w/ Priority]
                  ,KEEPFILTERS('Opportunity'[Open Opportunity Flag] =1 )
)                                                         

RETURN DIVIDE(Numerator,Denominator) ",Ratio Percentage,No,Not Analyzed - ,Not Analyzed - ,Not Analyzed - ,Not Analyzed - ,Not Analyzed - ,Not Analyzed - ,Not Analyzed - ,0.000,0.200,0.000,0.300,0.000,0.200,0.000,0.300,0.000,0.400,0.000,0.400,0.000,0.200,0.000,0.000,0.000,Not analyzed by AI,,
Pipeline,Not Analyzed,% Total Pipeline w/ Priority," VAR Num = CALCULATE( [Billed Pipeline w/ Priority] + [ACR Pipeline w/ Priority], KEEPFILTERS( 'Priority Pipeline'[OpenOpportunityFlag] = 1 ) )
 VAR Den = CALCULATE( [Billed Pipeline] + [ACR Pipeline],KEEPFILTERS('Pipeline'[TopParentOpenOpptyFlag] = 1) ) 
 RETURN DIVIDE(Num, Den)        
        
        
       ",Ratio Percentage,No,Not Analyzed - ,Not Analyzed - ,Not Analyzed - ,Not Analyzed - ,Not Analyzed - ,Not Analyzed - ,Not Analyzed - ,0.000,0.200,0.000,0.300,0.000,0.200,0.000,0.300,0.000,0.400,0.000,0.400,0.000,0.200,0.000,0.000,0.000,Not analyzed by AI,,
Pipeline,Not Analyzed,% Billed opties w/ close plan,"
VAR X = CALCULATE( [Billed Pipeline], KEEPFILTERS( Opportunity[Close Plan Attached] = ""Yes"" ),KEEPFILTERS('Opportunity'[Open Opportunity Flag] = 1) )

VAR Y = CALCULATE( [Billed Pipeline],KEEPFILTERS('Opportunity'[Open Opportunity Flag] = 1) )

RETURN DIVIDE( X, Y ,"""")",Ratio Percentage,No,Not Analyzed - ,Not Analyzed - ,Not Analyzed - ,Not Analyzed - ,Not Analyzed - ,Not Analyzed - ,Not Analyzed - ,0.000,0.200,0.000,0.300,0.000,0.200,0.000,0.300,0.000,0.400,0.000,0.400,0.000,0.200,0.000,0.000,0.000,Not analyzed by AI,,
Pipeline,Not Analyzed,% of Total Opties w/ future date,"
VAR Numerator = CALCULATE([# Open Opportunities w/ Priority], OR(Opportunity[Opportunity Due Date] > today(),Opportunity[Estimated Completion Date] > today())) 
VAR Denominator = [# Open Opportunities w/ Priority]                                                

RETURN DIVIDE(Numerator,Denominator) ",Ratio Percentage,No,Not Analyzed - ,Not Analyzed - ,Not Analyzed - ,Not Analyzed - ,Not Analyzed - ,Not Analyzed - ,Not Analyzed - ,0.000,0.200,0.000,0.300,0.000,0.200,0.000,0.300,0.000,0.400,0.000,0.400,0.000,0.200,0.000,0.000,0.000,Not analyzed by AI,,
Pipeline,Not Analyzed,Total Pipeline,[Billed Pipeline]+[ACR Pipeline],Undocumented,No,Not Analyzed - ,Not Analyzed - ,Not Analyzed - ,Not Analyzed - ,Not Analyzed - ,Not Analyzed - ,Not Analyzed - ,0.000,0.200,0.000,0.300,0.000,0.200,0.000,0.300,0.000,0.400,0.000,0.400,0.000,0.200,0.000,0.000,0.000,Not analyzed by AI,,
Pipeline,Not Analyzed,% ACR Pipeline w/ Priority,"VAR X = CALCULATE([ACR Pipeline],KEEPFILTERS('Opportunity'[ParentingLevel Oppties]=""TopParentOppties""))

RETURN DIVIDE( [ACR Pipeline w/ Priority], X )",Ratio Percentage,No,Not Analyzed - ,Not Analyzed - ,Not Analyzed - ,Not Analyzed - ,Not Analyzed - ,Not Analyzed - ,Not Analyzed - ,0.000,0.200,0.000,0.300,0.000,0.200,0.000,0.300,0.000,0.400,0.000,0.400,0.000,0.200,0.000,0.000,0.000,Not analyzed by AI,,
Pipeline,Not Analyzed,# Billed Oppties,"CALCULATE([Opportunity Count], KEEPFILTERS(Opportunity[Opportunity Type] IN {""Billed"",""Billed & Consumption""}))",Calculated Measure,No,Not Analyzed - ,Not Analyzed - ,Not Analyzed - ,Not Analyzed - ,Not Analyzed - ,Not Analyzed - ,Not Analyzed - ,0.000,0.200,0.000,0.300,0.000,0.200,0.000,0.300,0.000,0.400,0.000,0.400,0.000,0.200,0.000,0.000,0.000,Not analyzed by AI,,
Pipeline,Not Analyzed,# Consumed Oppties,"CALCULATE([Opportunity Count], KEEPFILTERS(Opportunity[Opportunity Type] IN {""Consumption"",""Billed & Consumption""}))",Calculated Measure,No,Not Analyzed - ,Not Analyzed - ,Not Analyzed - ,Not Analyzed - ,Not Analyzed - ,Not Analyzed - ,Not Analyzed - ,0.000,0.200,0.000,0.300,0.000,0.200,0.000,0.300,0.000,0.400,0.000,0.400,0.000,0.200,0.000,0.000,0.000,Not analyzed by AI,,
Pipeline,Not Analyzed,% Total Opty count w/ priority,"VAR X = CALCULATE([Opportunity Count],KEEPFILTERS('Pipeline'[TopParentOpenOpptyFlag] = 1))

RETURN DIVIDE ([# Open Opportunities w/ Priority],X)",Calculated Measure,No,Not Analyzed - ,Not Analyzed - ,Not Analyzed - ,Not Analyzed - ,Not Analyzed - ,Not Analyzed - ,Not Analyzed - ,0.000,0.200,0.000,0.300,0.000,0.200,0.000,0.300,0.000,0.400,0.000,0.400,0.000,0.200,0.000,0.000,0.000,Not analyzed by AI,,
Pipeline,Not Analyzed,% Total Stage 1 Opty count w/ priority,"CALCULATE([% Total Opty count w/ priority],KEEPFILTERS(Opportunity[Sales Stage Sort]=1))",Ratio Percentage,No,Not Analyzed - ,Not Analyzed - ,Not Analyzed - ,Not Analyzed - ,Not Analyzed - ,Not Analyzed - ,Not Analyzed - ,0.000,0.200,0.000,0.300,0.000,0.200,0.000,0.300,0.000,0.400,0.000,0.400,0.000,0.200,0.000,0.000,0.000,Not analyzed by AI,,
Pipeline,Not Analyzed,% Total Stage 1 pipeline w/ priority,"CALCULATE([% Total Pipeline w/ Priority],KEEPFILTERS(Opportunity[Sales Stage Sort]=1))",Ratio Percentage,No,Not Analyzed - ,Not Analyzed - ,Not Analyzed - ,Not Analyzed - ,Not Analyzed - ,Not Analyzed - ,Not Analyzed - ,0.000,0.200,0.000,0.300,0.000,0.200,0.000,0.300,0.000,0.400,0.000,0.400,0.000,0.200,0.000,0.000,0.000,Not analyzed by AI,,
Pipeline,Not Analyzed,Billed Pipeline Base,"CALCULATE(SUM(Pipeline[PipelineUSD]),KEEPFILTERS(Pipeline[PipelineType]=""Billed""))",Simple Aggregation,No,Not Analyzed - ,Not Analyzed - ,Not Analyzed - ,Not Analyzed - ,Not Analyzed - ,Not Analyzed - ,Not Analyzed - ,0.000,0.200,0.000,0.300,0.000,0.200,0.000,0.300,0.000,0.400,0.000,0.400,0.000,0.200,0.000,0.000,0.000,Not analyzed by AI,,
Pipeline,Not Analyzed,ACR Pipeline Base,"CALCULATE(SUM(Pipeline[ACRPipelineUSD]),KEEPFILTERS(Pipeline[PipelineType]=""Consumption""),ALL('Product'))",Calculated Measure,No,Not Analyzed - ,Not Analyzed - ,Not Analyzed - ,Not Analyzed - ,Not Analyzed - ,Not Analyzed - ,Not Analyzed - ,0.000,0.200,0.000,0.300,0.000,0.200,0.000,0.300,0.000,0.400,0.000,0.400,0.000,0.200,0.000,0.000,0.000,Not analyzed by AI,,
Pipeline,Not Analyzed,# Open Opportunities w/ Priority,"CALCULATE([# Opportunities w/ Priority]
        ,KEEPFILTERS('Priority Pipeline'[OpenOpportunityFlag] =1))",Calculated Measure,No,Not Analyzed - ,Not Analyzed - ,Not Analyzed - ,Not Analyzed - ,Not Analyzed - ,Not Analyzed - ,Not Analyzed - ,0.000,0.200,0.000,0.300,0.000,0.200,0.000,0.300,0.000,0.400,0.000,0.400,0.000,0.200,0.000,0.000,0.000,Not analyzed by AI,,
Pipeline,Not Analyzed,# Open Opportunities w/o Priority," CALCULATE([Opportunity Count]
 ,KEEPFILTERS('Opportunity'[Account Priority Attached]=""No"")
,KEEPFILTERS('Pipeline'[TopParentOpenOpptyFlag]=1))
",Calculated Measure,No,Not Analyzed - ,Not Analyzed - ,Not Analyzed - ,Not Analyzed - ,Not Analyzed - ,Not Analyzed - ,Not Analyzed - ,0.000,0.200,0.000,0.300,0.000,0.200,0.000,0.300,0.000,0.400,0.000,0.400,0.000,0.200,0.000,0.000,0.000,Not analyzed by AI,,
Pipeline,Not Analyzed,Qualified Pipeline,"CALCULATE(
    SUM( 'Pipeline'[QualifiedPipeline] )
    , KEEPFILTERS( Pipeline[PipelineType] = ""Billed"" )
)
",Calculated Measure,No,Not Analyzed - ,Not Analyzed - ,Not Analyzed - ,Not Analyzed - ,Not Analyzed - ,Not Analyzed - ,Not Analyzed - ,0.000,0.200,0.000,0.300,0.000,0.200,0.000,0.300,0.000,0.400,0.000,0.400,0.000,0.200,0.000,0.000,0.000,Not analyzed by AI,,
Pipeline,Not Analyzed,Azure Qualified Pipeline,"CALCULATE(
    SUM('Pipeline'[QualifiedPipeline])
    ,KEEPFILTERS(Pipeline[PipelineType] = ""Consumption"")
    ,USERELATIONSHIP(Account[dimaccountgeographyhierarchykey],Pipeline[dimaccountgeographyhierarchykey]))",Complex Calculation,No,Not Analyzed - ,Not Analyzed - ,Not Analyzed - ,Not Analyzed - ,Not Analyzed - ,Not Analyzed - ,Not Analyzed - ,0.000,0.200,0.000,0.300,0.000,0.200,0.000,0.300,0.000,0.400,0.000,0.400,0.000,0.200,0.000,0.000,0.000,Not analyzed by AI,,
User Seller,Issue,CURRENT_USER,"LEFT(USERPRINCIPALNAME(),FIND(""@"",USERPRINCIPALNAME())-1)",Calculated Measure,Yes,"No - The measure uses a unique DAX formula to extract the username from the USERPRINCIPALNAME function, and no duplicates were identified in the dataset.",No - This measure is not part of a standard library of enterprise measures like Total Sales or Gross Margin. It serves a specific technical purpose rather than a common business metric.,No - The calculation logic is technical and not immediately understandable to business users without DAX knowledge. It lacks a description to explain its purpose in business terms.,"Medium - The measure uses nested functions (LEFT, FIND, USERPRINCIPALNAME), which adds moderate complexity. While the logic is straightforward for technical users, it may be challenging for business users to interpret.",No - The name 'CURRENT_USER' is generic and does not clearly describe the calculation or purpose. A more descriptive name like 'Extracted_User_Name' would better align with naming standards.,"No - The measure lacks a description, which makes it difficult for business users to understand its purpose and calculation logic.",Yes - The measure uses proper DAX syntax and references functions correctly without any inconsistencies.,0.200,0.200,0.000,0.300,0.000,0.200,0.200,0.300,0.200,0.400,0.000,0.400,0.200,0.200,0.400,0.400,0.400,"Extracts the username from the USERPRINCIPALNAME function, which can be used for user-specific filtering or personalization in reports.",Add a clear description to explain the business purpose of the measure. Consider whether this measure aligns with enterprise standards or if it serves a specific technical need.,"Rename the measure to something more descriptive, such as 'Extracted_User_Name', to better reflect its calculation logic and purpose."
