Table Name,Issue_Severity,Measure Name,Measure Formula,Calculation Type,Complexity Level,Has Description,Is Standard Measure,Standardized Calculation Logic Score,Naming Conventions Score,Overall Score,Sub-Rule Scores Breakdown,Standardized Calculation Logic Recommendations,Naming Conventions Recommendations
Account,Good,TPID Count,COUNT( Account[TPID] ),"Simple aggregation (SUM, COUNT, etc.)",Low,No,No,0.710,1.000,0.855,"ML-001: 0.200, ML-002: 0.210, ML-003: 0.000, ML-004: 0.300, MN-001: 0.400, MN-002: 0.400, MN-003: 0.200","Missing business description. Add comprehensive documentation explaining: (1) What business question this measure answers, (2) When business users should use it, (3) Expected value ranges, (4) Any business rules or filters applied, (5) Data source and calculation methodology in plain language.","Naming conventions meet all standards (Clear definitions, Business-focused language, Proper DAX references)"
Account,Issue,# Accounts w/ Unified or Premier,"CALCULATE([TPID Count],KEEPFILTERS(Account[Has Premier Unified] = ""Yes""))",Calculated measure with business logic,Medium,No,No,0.560,0.880,0.720,"ML-001: 0.200, ML-002: 0.150, ML-003: 0.000, ML-004: 0.210, MN-001: 0.400, MN-002: 0.320, MN-003: 0.160","Complex calculated measures should leverage standard business logic patterns. Break down into simpler components where possible and reuse common calculation elements.; Missing business description. Add comprehensive documentation explaining: (1) What business question this measure answers, (2) When business users should use it, (3) Expected value ranges, (4) Any business rules or filters applied, (5) Data source and calculation methodology in plain language.","Naming conventions meet all standards (Clear definitions, Business-focused language, Proper DAX references)"
Account,Warning,ATQ Latest,AVERAGE(Account[ATQ]),"Simple aggregation (SUM, COUNT, etc.)",Low,No,No,0.710,0.920,0.815,"ML-001: 0.200, ML-002: 0.210, ML-003: 0.000, ML-004: 0.300, MN-001: 0.360, MN-002: 0.360, MN-003: 0.200","Missing business description. Add comprehensive documentation explaining: (1) What business question this measure answers, (2) When business users should use it, (3) Expected value ranges, (4) Any business rules or filters applied, (5) Data source and calculation methodology in plain language.","Naming conventions meet all standards (Clear definitions, Business-focused language, Proper DAX references)"
Account,Warning,Understands Strategic Priorities Latest,AVERAGE(Account[UnderstandsStrategicPriorities]),"Simple aggregation (SUM, COUNT, etc.)",Low,No,No,0.710,0.960,0.835,"ML-001: 0.200, ML-002: 0.210, ML-003: 0.000, ML-004: 0.300, MN-001: 0.400, MN-002: 0.360, MN-003: 0.200","Missing business description. Add comprehensive documentation explaining: (1) What business question this measure answers, (2) When business users should use it, (3) Expected value ranges, (4) Any business rules or filters applied, (5) Data source and calculation methodology in plain language.","Naming conventions meet all standards (Clear definitions, Business-focused language, Proper DAX references)"
Account,Warning,Identify Right Solutions Based on Needs Latest,AVERAGE(Account[IdentifyRightSolutionsBasedonNeeds]),"Simple aggregation (SUM, COUNT, etc.)",Medium,No,No,0.710,0.960,0.835,"ML-001: 0.200, ML-002: 0.210, ML-003: 0.000, ML-004: 0.300, MN-001: 0.400, MN-002: 0.360, MN-003: 0.200","Missing business description. Add comprehensive documentation explaining: (1) What business question this measure answers, (2) When business users should use it, (3) Expected value ranges, (4) Any business rules or filters applied, (5) Data source and calculation methodology in plain language.","Naming conventions meet all standards (Clear definitions, Business-focused language, Proper DAX references)"
Account,Warning,Delta ATQ,"IF(AVERAGE(Account[ATQ])=0,"""",AVERAGE(Account[delta_ATQ]))","Simple aggregation (SUM, COUNT, etc.)",Medium,No,No,0.710,0.920,0.815,"ML-001: 0.200, ML-002: 0.210, ML-003: 0.000, ML-004: 0.300, MN-001: 0.360, MN-002: 0.360, MN-003: 0.200","Missing business description. Add comprehensive documentation explaining: (1) What business question this measure answers, (2) When business users should use it, (3) Expected value ranges, (4) Any business rules or filters applied, (5) Data source and calculation methodology in plain language.","Naming conventions meet all standards (Clear definitions, Business-focused language, Proper DAX references)"
Account,Warning,Delta Understands Strategic Priorities,"IF(AVERAGE(Account[UnderstandsStrategicPriorities])=0,"""",AVERAGE(Account[delta_UnderstandsStrategicPriorities]))",Calculated measure with business logic,Medium,No,No,0.560,0.960,0.760,"ML-001: 0.200, ML-002: 0.150, ML-003: 0.000, ML-004: 0.210, MN-001: 0.400, MN-002: 0.360, MN-003: 0.200","Complex calculated measures should leverage standard business logic patterns. Break down into simpler components where possible and reuse common calculation elements.; Missing business description. Add comprehensive documentation explaining: (1) What business question this measure answers, (2) When business users should use it, (3) Expected value ranges, (4) Any business rules or filters applied, (5) Data source and calculation methodology in plain language.","Naming conventions meet all standards (Clear definitions, Business-focused language, Proper DAX references)"
Account,Warning,Delta Identify Right Solutions Based on Needs,"IF(AVERAGE(Account[IdentifyRightSolutionsBasedonNeeds])=0,"""",AVERAGE(Account[delta_IdentifyRightSolutionsBasedonNeeds]))",Calculated measure with business logic,Medium,No,No,0.560,0.960,0.760,"ML-001: 0.200, ML-002: 0.150, ML-003: 0.000, ML-004: 0.210, MN-001: 0.400, MN-002: 0.360, MN-003: 0.200","Complex calculated measures should leverage standard business logic patterns. Break down into simpler components where possible and reuse common calculation elements.; Missing business description. Add comprehensive documentation explaining: (1) What business question this measure answers, (2) When business users should use it, (3) Expected value ranges, (4) Any business rules or filters applied, (5) Data source and calculation methodology in plain language.","Naming conventions meet all standards (Clear definitions, Business-focused language, Proper DAX references)"
Account,Warning,% of Accounts with Exec Sponsor,"var num= CALCULATE(SUMX(VALUES('Account Plan Priority'[AccountPlanPriorityID]),1),
    KEEPFILTERS(Account[executivesponsorid] <> blank())
)
var den= SUMX( VALUES( 'Account Plan Priority'[AccountPlanPriorityID] ), 1 ) 


return DIVIDE(num,den)",Ratio or percentage calculation,High,No,No,0.650,0.920,0.785,"ML-001: 0.200, ML-002: 0.180, ML-003: 0.000, ML-004: 0.270, MN-001: 0.400, MN-002: 0.320, MN-003: 0.200","Ratio/percentage measures should follow standard calculation patterns. Use DIVIDE() function, include '%' in name for percentages, and ensure consistent decimal formatting across similar measures.; Missing business description. Add comprehensive documentation explaining: (1) What business question this measure answers, (2) When business users should use it, (3) Expected value ranges, (4) Any business rules or filters applied, (5) Data source and calculation methodology in plain language.","Naming conventions meet all standards (Clear definitions, Business-focused language, Proper DAX references)"
Account,Warning,Helps Maximize Solutions Latest,AVERAGE(Account[HelpsMaximizeSolutions]),"Simple aggregation (SUM, COUNT, etc.)",Low,No,No,0.710,0.960,0.835,"ML-001: 0.200, ML-002: 0.210, ML-003: 0.000, ML-004: 0.300, MN-001: 0.400, MN-002: 0.360, MN-003: 0.200","Missing business description. Add comprehensive documentation explaining: (1) What business question this measure answers, (2) When business users should use it, (3) Expected value ranges, (4) Any business rules or filters applied, (5) Data source and calculation methodology in plain language.","Naming conventions meet all standards (Clear definitions, Business-focused language, Proper DAX references)"
Account,Warning,Delta Helps Maximize Solutions Value,"IF(AVERAGE(Account[HelpsMaximizeSolutions])=0,"""",AVERAGE(Account[delta_HelpsMaximizeSolutions]))","Simple aggregation (SUM, COUNT, etc.)",Medium,No,No,0.710,0.840,0.775,"ML-001: 0.200, ML-002: 0.210, ML-003: 0.000, ML-004: 0.300, MN-001: 0.240, MN-002: 0.400, MN-003: 0.200","Missing business description. Add comprehensive documentation explaining: (1) What business question this measure answers, (2) When business users should use it, (3) Expected value ranges, (4) Any business rules or filters applied, (5) Data source and calculation methodology in plain language.","Name clarity issues - contains abbreviations 'val' → 'Value' that reduce clarity; lacks descriptive action words (Total, Average, Count, etc.). Use clear, unambiguous names that precisely define what is being measured without requiring domain expertise to understand."
Account,Warning,Delta Joint Planning Addresses Needs,"IF(AVERAGE(Account[JointPlanningAddressesNeeds])=0,"""",AVERAGE(Account[delta_JointPlanningAddressesNeeds]))",Calculated measure with business logic,Medium,No,No,0.560,0.960,0.760,"ML-001: 0.200, ML-002: 0.150, ML-003: 0.000, ML-004: 0.210, MN-001: 0.400, MN-002: 0.360, MN-003: 0.200","Complex calculated measures should leverage standard business logic patterns. Break down into simpler components where possible and reuse common calculation elements.; Missing business description. Add comprehensive documentation explaining: (1) What business question this measure answers, (2) When business users should use it, (3) Expected value ranges, (4) Any business rules or filters applied, (5) Data source and calculation methodology in plain language.","Naming conventions meet all standards (Clear definitions, Business-focused language, Proper DAX references)"
Account,Warning,Joint Planning Addresses Needs,AVERAGE(Account[JointPlanningAddressesNeeds]),"Simple aggregation (SUM, COUNT, etc.)",Low,No,No,0.710,0.960,0.835,"ML-001: 0.200, ML-002: 0.210, ML-003: 0.000, ML-004: 0.300, MN-001: 0.400, MN-002: 0.360, MN-003: 0.200","Missing business description. Add comprehensive documentation explaining: (1) What business question this measure answers, (2) When business users should use it, (3) Expected value ranges, (4) Any business rules or filters applied, (5) Data source and calculation methodology in plain language.","Naming conventions meet all standards (Clear definitions, Business-focused language, Proper DAX references)"
Account,Warning,Delta Continuous Relationship Building,"IF(AVERAGE(Account[ContinuousRelationshipBuilding])=0,"""",AVERAGE(Account[delta_ContinuousRelationshipBuilding]))",Calculated measure with business logic,Medium,No,No,0.560,0.960,0.760,"ML-001: 0.200, ML-002: 0.150, ML-003: 0.000, ML-004: 0.210, MN-001: 0.400, MN-002: 0.360, MN-003: 0.200","Complex calculated measures should leverage standard business logic patterns. Break down into simpler components where possible and reuse common calculation elements.; Missing business description. Add comprehensive documentation explaining: (1) What business question this measure answers, (2) When business users should use it, (3) Expected value ranges, (4) Any business rules or filters applied, (5) Data source and calculation methodology in plain language.","Naming conventions meet all standards (Clear definitions, Business-focused language, Proper DAX references)"
Account,Warning,Continuous Relationship Building,AVERAGE(Account[ContinuousRelationshipBuilding]),"Simple aggregation (SUM, COUNT, etc.)",Low,No,No,0.710,0.960,0.835,"ML-001: 0.200, ML-002: 0.210, ML-003: 0.000, ML-004: 0.300, MN-001: 0.400, MN-002: 0.360, MN-003: 0.200","Missing business description. Add comprehensive documentation explaining: (1) What business question this measure answers, (2) When business users should use it, (3) Expected value ranges, (4) Any business rules or filters applied, (5) Data source and calculation methodology in plain language.","Naming conventions meet all standards (Clear definitions, Business-focused language, Proper DAX references)"
Account,Warning,% of Accounts with sep,"var den=[TPID Count]
var num=CALCULATE([TPID Count],keepfilters(Account[issep]=""yes""))

RETURN DIVIDE(num,den)",Ratio or percentage calculation,Medium,No,No,0.680,0.920,0.800,"ML-001: 0.200, ML-002: 0.180, ML-003: 0.000, ML-004: 0.300, MN-001: 0.400, MN-002: 0.320, MN-003: 0.200","Ratio/percentage measures should follow standard calculation patterns. Use DIVIDE() function, include '%' in name for percentages, and ensure consistent decimal formatting across similar measures.; Missing business description. Add comprehensive documentation explaining: (1) What business question this measure answers, (2) When business users should use it, (3) Expected value ranges, (4) Any business rules or filters applied, (5) Data source and calculation methodology in plain language.","Naming conventions meet all standards (Clear definitions, Business-focused language, Proper DAX references)"
Account,Warning,% of Accounts with ACSP,"var den=[TPID Count]
var num=CALCULATE([TPID Count],keepfilters(Account[isacsp]=""yes""))

RETURN DIVIDE(num,den)",Ratio or percentage calculation,Medium,No,No,0.680,0.920,0.800,"ML-001: 0.200, ML-002: 0.180, ML-003: 0.000, ML-004: 0.300, MN-001: 0.400, MN-002: 0.320, MN-003: 0.200","Ratio/percentage measures should follow standard calculation patterns. Use DIVIDE() function, include '%' in name for percentages, and ensure consistent decimal formatting across similar measures.; Missing business description. Add comprehensive documentation explaining: (1) What business question this measure answers, (2) When business users should use it, (3) Expected value ranges, (4) Any business rules or filters applied, (5) Data source and calculation methodology in plain language.","Naming conventions meet all standards (Clear definitions, Business-focused language, Proper DAX references)"
Account,Warning,% of Accounts with APT,"var den=[TPID Count]
var num=CALCULATE([TPID Count],keepfilters(Account[isapt]=""yes""))

RETURN DIVIDE(num,den)",Ratio or percentage calculation,Medium,No,No,0.680,0.920,0.800,"ML-001: 0.200, ML-002: 0.180, ML-003: 0.000, ML-004: 0.300, MN-001: 0.400, MN-002: 0.320, MN-003: 0.200","Ratio/percentage measures should follow standard calculation patterns. Use DIVIDE() function, include '%' in name for percentages, and ensure consistent decimal formatting across similar measures.; Missing business description. Add comprehensive documentation explaining: (1) What business question this measure answers, (2) When business users should use it, (3) Expected value ranges, (4) Any business rules or filters applied, (5) Data source and calculation methodology in plain language.","Naming conventions meet all standards (Clear definitions, Business-focused language, Proper DAX references)"
Account,Warning,% of Accounts with CSAA,"var den=[TPID Count]
var num=CALCULATE([TPID Count],keepfilters(Account[iscsaa]=""yes""))

RETURN DIVIDE(num,den)",Ratio or percentage calculation,Medium,No,No,0.680,0.920,0.800,"ML-001: 0.200, ML-002: 0.180, ML-003: 0.000, ML-004: 0.300, MN-001: 0.400, MN-002: 0.320, MN-003: 0.200","Ratio/percentage measures should follow standard calculation patterns. Use DIVIDE() function, include '%' in name for percentages, and ensure consistent decimal formatting across similar measures.; Missing business description. Add comprehensive documentation explaining: (1) What business question this measure answers, (2) When business users should use it, (3) Expected value ranges, (4) Any business rules or filters applied, (5) Data source and calculation methodology in plain language.","Naming conventions meet all standards (Clear definitions, Business-focused language, Proper DAX references)"
Calendar,Issue,Last Refresh Icon,"""🕘""",Undocumented or unclear calculation,Low,No,No,0.320,0.960,0.640,"ML-001: 0.200, ML-002: 0.030, ML-003: 0.000, ML-004: 0.090, MN-001: 0.400, MN-002: 0.360, MN-003: 0.200","Measure does not align with standard library patterns. Review if this can be replaced with or derived from standard business measures, or if it should be added to the standard library for reuse.; Missing business description. Add comprehensive documentation explaining: (1) What business question this measure answers, (2) When business users should use it, (3) Expected value ranges, (4) Any business rules or filters applied, (5) Data source and calculation methodology in plain language.; Calculation type cannot be determined. Clarify the measure's purpose and ensure it follows recognizable DAX patterns. Consider if this measure serves a clear business need or should be restructured using standard calculation patterns.","Naming conventions meet all standards (Clear definitions, Business-focused language, Proper DAX references)"
Calendar,Issue,Information Icon,"""i""",Undocumented or unclear calculation,Low,No,No,0.320,0.960,0.640,"ML-001: 0.200, ML-002: 0.030, ML-003: 0.000, ML-004: 0.090, MN-001: 0.400, MN-002: 0.360, MN-003: 0.200","Measure does not align with standard library patterns. Review if this can be replaced with or derived from standard business measures, or if it should be added to the standard library for reuse.; Missing business description. Add comprehensive documentation explaining: (1) What business question this measure answers, (2) When business users should use it, (3) Expected value ranges, (4) Any business rules or filters applied, (5) Data source and calculation methodology in plain language.; Calculation type cannot be determined. Clarify the measure's purpose and ensure it follows recognizable DAX patterns. Consider if this measure serves a clear business need or should be restructured using standard calculation patterns.","Naming conventions meet all standards (Clear definitions, Business-focused language, Proper DAX references)"
Calendar,Issue,Filters Applied Icon,"""🗸""",Undocumented or unclear calculation,Low,No,No,0.320,0.960,0.640,"ML-001: 0.200, ML-002: 0.030, ML-003: 0.000, ML-004: 0.090, MN-001: 0.400, MN-002: 0.360, MN-003: 0.200","Measure does not align with standard library patterns. Review if this can be replaced with or derived from standard business measures, or if it should be added to the standard library for reuse.; Missing business description. Add comprehensive documentation explaining: (1) What business question this measure answers, (2) When business users should use it, (3) Expected value ranges, (4) Any business rules or filters applied, (5) Data source and calculation methodology in plain language.; Calculation type cannot be determined. Clarify the measure's purpose and ensure it follows recognizable DAX patterns. Consider if this measure serves a clear business need or should be restructured using standard calculation patterns.","Naming conventions meet all standards (Clear definitions, Business-focused language, Proper DAX references)"
Account Planning,Issue,# of Priorities w/ Pipeline,"CALCULATE([# of Priorities] 
,KEEPFILTERS('Account Planning'[Attached To Opportunity] = ""Yes"")
,KEEPFILTERS('Opportunity'[ParentingLevel Oppties]=""TopParentOppties""))",Calculated measure with business logic,High,No,No,0.590,0.880,0.735,"ML-001: 0.200, ML-002: 0.150, ML-003: 0.000, ML-004: 0.240, MN-001: 0.400, MN-002: 0.320, MN-003: 0.160","Complex calculated measures should leverage standard business logic patterns. Break down into simpler components where possible and reuse common calculation elements.; Missing business description. Add comprehensive documentation explaining: (1) What business question this measure answers, (2) When business users should use it, (3) Expected value ranges, (4) Any business rules or filters applied, (5) Data source and calculation methodology in plain language.","Naming conventions meet all standards (Clear definitions, Business-focused language, Proper DAX references)"
Account Planning,Warning,% of Priorities w/ Pipeline,"CALCULATE(DIVIDE([# of Priorities w/ Pipeline],[# of Priorities]),KEEPFILTERS(Opportunity[ParentingLevel Oppties]=""TopParentOppties""))",Ratio or percentage calculation,Medium,No,No,0.650,0.880,0.765,"ML-001: 0.200, ML-002: 0.180, ML-003: 0.000, ML-004: 0.270, MN-001: 0.400, MN-002: 0.320, MN-003: 0.160","Ratio/percentage measures should follow standard calculation patterns. Use DIVIDE() function, include '%' in name for percentages, and ensure consistent decimal formatting across similar measures.; Missing business description. Add comprehensive documentation explaining: (1) What business question this measure answers, (2) When business users should use it, (3) Expected value ranges, (4) Any business rules or filters applied, (5) Data source and calculation methodology in plain language.","Naming conventions meet all standards (Clear definitions, Business-focused language, Proper DAX references)"
Account Planning,Issue,# of Account Plans,"CALCULATE (SUMX (VALUES ( 'Account'[AccountPlanID] ),1),Account[Account Plan Attached] = ""Yes"")",Undocumented or unclear calculation,Medium,No,No,0.320,0.880,0.600,"ML-001: 0.200, ML-002: 0.030, ML-003: 0.000, ML-004: 0.090, MN-001: 0.400, MN-002: 0.320, MN-003: 0.160","Measure does not align with standard library patterns. Review if this can be replaced with or derived from standard business measures, or if it should be added to the standard library for reuse.; Missing business description. Add comprehensive documentation explaining: (1) What business question this measure answers, (2) When business users should use it, (3) Expected value ranges, (4) Any business rules or filters applied, (5) Data source and calculation methodology in plain language.; Calculation type cannot be determined. Clarify the measure's purpose and ensure it follows recognizable DAX patterns. Consider if this measure serves a clear business need or should be restructured using standard calculation patterns.","Naming conventions meet all standards (Clear definitions, Business-focused language, Proper DAX references)"
Account Planning,Issue,# of Priorities,"SUMX( VALUES( 'Account Planning'[AccountPlanPriorityID] ), 1 )",Undocumented or unclear calculation,Medium,No,No,0.320,0.880,0.600,"ML-001: 0.200, ML-002: 0.030, ML-003: 0.000, ML-004: 0.090, MN-001: 0.400, MN-002: 0.320, MN-003: 0.160","Measure does not align with standard library patterns. Review if this can be replaced with or derived from standard business measures, or if it should be added to the standard library for reuse.; Missing business description. Add comprehensive documentation explaining: (1) What business question this measure answers, (2) When business users should use it, (3) Expected value ranges, (4) Any business rules or filters applied, (5) Data source and calculation methodology in plain language.; Calculation type cannot be determined. Clarify the measure's purpose and ensure it follows recognizable DAX patterns. Consider if this measure serves a clear business need or should be restructured using standard calculation patterns.","Naming conventions meet all standards (Clear definitions, Business-focused language, Proper DAX references)"
Account Planning,Warning,% Accounts w/ Active Plan,"VAR Numerator =
    CALCULATE (
        [# of Account Plans],
        KEEPFILTERS ( 'Account'[Plan Status] = ""Active Plan"" )
    )
RETURN
    DIVIDE( Numerator, [# of Account Plans] )",Ratio or percentage calculation,High,No,No,0.680,0.880,0.780,"ML-001: 0.200, ML-002: 0.180, ML-003: 0.000, ML-004: 0.300, MN-001: 0.400, MN-002: 0.320, MN-003: 0.160","Ratio/percentage measures should follow standard calculation patterns. Use DIVIDE() function, include '%' in name for percentages, and ensure consistent decimal formatting across similar measures.; Missing business description. Add comprehensive documentation explaining: (1) What business question this measure answers, (2) When business users should use it, (3) Expected value ranges, (4) Any business rules or filters applied, (5) Data source and calculation methodology in plain language.","Naming conventions meet all standards (Clear definitions, Business-focused language, Proper DAX references)"
Account Planning,Issue,% Accounts w/ No Plan,"VAR Numerator =
    CALCULATE (
        [# of Account Plans],
        KEEPFILTERS ( 'Account'[Plan Status] = ""No Plan"" )
    )
RETURN
    DIVIDE ( Numerator, [# of Account Plans] )",Undocumented or unclear calculation,High,No,No,0.350,0.880,0.615,"ML-001: 0.200, ML-002: 0.030, ML-003: 0.000, ML-004: 0.120, MN-001: 0.400, MN-002: 0.320, MN-003: 0.160","Measure does not align with standard library patterns. Review if this can be replaced with or derived from standard business measures, or if it should be added to the standard library for reuse.; Missing business description. Add comprehensive documentation explaining: (1) What business question this measure answers, (2) When business users should use it, (3) Expected value ranges, (4) Any business rules or filters applied, (5) Data source and calculation methodology in plain language.; Calculation type cannot be determined. Clarify the measure's purpose and ensure it follows recognizable DAX patterns. Consider if this measure serves a clear business need or should be restructured using standard calculation patterns.","Naming conventions meet all standards (Clear definitions, Business-focused language, Proper DAX references)"
Account Planning,Issue,% Accounts w/ Inactive Plan,"VAR Numerator =
    CALCULATE (
        [# of Account Plans],
        KEEPFILTERS ( 'Account'[Plan Status]  = ""Inactive Plan"" )
    )
RETURN
    DIVIDE ( Numerator, [# of Account Plans],"""" )",Undocumented or unclear calculation,High,No,No,0.350,0.880,0.615,"ML-001: 0.200, ML-002: 0.030, ML-003: 0.000, ML-004: 0.120, MN-001: 0.400, MN-002: 0.320, MN-003: 0.160","Measure does not align with standard library patterns. Review if this can be replaced with or derived from standard business measures, or if it should be added to the standard library for reuse.; Missing business description. Add comprehensive documentation explaining: (1) What business question this measure answers, (2) When business users should use it, (3) Expected value ranges, (4) Any business rules or filters applied, (5) Data source and calculation methodology in plain language.; Calculation type cannot be determined. Clarify the measure's purpose and ensure it follows recognizable DAX patterns. Consider if this measure serves a clear business need or should be restructured using standard calculation patterns.","Naming conventions meet all standards (Clear definitions, Business-focused language, Proper DAX references)"
Account Planning,Issue,% Accounts w/ Plan Close to Inactive,"VAR Numerator =
    CALCULATE (
        [# of Account Plans],
        KEEPFILTERS ( 'Account'[Plan Status] = ""Plan Close to Inactive"" )
    )
RETURN
    DIVIDE ( Numerator, [# of Account Plans],"""" )",Undocumented or unclear calculation,High,No,No,0.350,0.880,0.615,"ML-001: 0.200, ML-002: 0.030, ML-003: 0.000, ML-004: 0.120, MN-001: 0.400, MN-002: 0.320, MN-003: 0.160","Measure does not align with standard library patterns. Review if this can be replaced with or derived from standard business measures, or if it should be added to the standard library for reuse.; Missing business description. Add comprehensive documentation explaining: (1) What business question this measure answers, (2) When business users should use it, (3) Expected value ranges, (4) Any business rules or filters applied, (5) Data source and calculation methodology in plain language.; Calculation type cannot be determined. Clarify the measure's purpose and ensure it follows recognizable DAX patterns. Consider if this measure serves a clear business need or should be restructured using standard calculation patterns.","Naming conventions meet all standards (Clear definitions, Business-focused language, Proper DAX references)"
Account Planning,Issue,# Plans with Opportunities,"CALCULATE (
    [# of Account Plans],
    FILTER (
        VALUES ( 'Account'[AccountPlanID] ),
        [# of Priorities w/ Pipeline] > 0
    )
)",Undocumented or unclear calculation,Medium,No,No,0.350,0.880,0.615,"ML-001: 0.200, ML-002: 0.030, ML-003: 0.000, ML-004: 0.120, MN-001: 0.400, MN-002: 0.320, MN-003: 0.160","Measure does not align with standard library patterns. Review if this can be replaced with or derived from standard business measures, or if it should be added to the standard library for reuse.; Missing business description. Add comprehensive documentation explaining: (1) What business question this measure answers, (2) When business users should use it, (3) Expected value ranges, (4) Any business rules or filters applied, (5) Data source and calculation methodology in plain language.; Calculation type cannot be determined. Clarify the measure's purpose and ensure it follows recognizable DAX patterns. Consider if this measure serves a clear business need or should be restructured using standard calculation patterns.","Naming conventions meet all standards (Clear definitions, Business-focused language, Proper DAX references)"
Account Planning,Issue,% Accounts w/ Plan w/ Oppty,"DIVIDE ( [# Plans with Opportunities], [# of Account Plans],"""" )",Undocumented or unclear calculation,Medium,No,No,0.320,0.880,0.600,"ML-001: 0.200, ML-002: 0.030, ML-003: 0.000, ML-004: 0.090, MN-001: 0.400, MN-002: 0.320, MN-003: 0.160","Measure does not align with standard library patterns. Review if this can be replaced with or derived from standard business measures, or if it should be added to the standard library for reuse.; Missing business description. Add comprehensive documentation explaining: (1) What business question this measure answers, (2) When business users should use it, (3) Expected value ranges, (4) Any business rules or filters applied, (5) Data source and calculation methodology in plain language.; Calculation type cannot be determined. Clarify the measure's purpose and ensure it follows recognizable DAX patterns. Consider if this measure serves a clear business need or should be restructured using standard calculation patterns.","Naming conventions meet all standards (Clear definitions, Business-focused language, Proper DAX references)"
Account Planning,Issue,% Accounts w/ Strategic or Full Plan,"DIVIDE ( [# Accounts w/ Strategic or Full Plan], [# of Account Plans],"""")",Undocumented or unclear calculation,Medium,No,No,0.320,0.880,0.600,"ML-001: 0.200, ML-002: 0.030, ML-003: 0.000, ML-004: 0.090, MN-001: 0.400, MN-002: 0.320, MN-003: 0.160","Measure does not align with standard library patterns. Review if this can be replaced with or derived from standard business measures, or if it should be added to the standard library for reuse.; Missing business description. Add comprehensive documentation explaining: (1) What business question this measure answers, (2) When business users should use it, (3) Expected value ranges, (4) Any business rules or filters applied, (5) Data source and calculation methodology in plain language.; Calculation type cannot be determined. Clarify the measure's purpose and ensure it follows recognizable DAX patterns. Consider if this measure serves a clear business need or should be restructured using standard calculation patterns.","Naming conventions meet all standards (Clear definitions, Business-focused language, Proper DAX references)"
Account Planning,Issue,# Accounts w/ Strategic or Full Plan,"CALCULATE (
        [# of Account Plans],
        KEEPFILTERS ( 'Account'[Plan Type] IN {""0-Strategic"",""1-Full""} )
    )",Undocumented or unclear calculation,Medium,No,No,0.350,0.880,0.615,"ML-001: 0.200, ML-002: 0.030, ML-003: 0.000, ML-004: 0.120, MN-001: 0.400, MN-002: 0.320, MN-003: 0.160","Measure does not align with standard library patterns. Review if this can be replaced with or derived from standard business measures, or if it should be added to the standard library for reuse.; Missing business description. Add comprehensive documentation explaining: (1) What business question this measure answers, (2) When business users should use it, (3) Expected value ranges, (4) Any business rules or filters applied, (5) Data source and calculation methodology in plain language.; Calculation type cannot be determined. Clarify the measure's purpose and ensure it follows recognizable DAX patterns. Consider if this measure serves a clear business need or should be restructured using standard calculation patterns.","Naming conventions meet all standards (Clear definitions, Business-focused language, Proper DAX references)"
Account Planning,Issue,# Plans Manager Reviewed (last 6 months),"CALCULATE (
  [# of Account Plans],
  FILTER( 'Account','Account'[Manager Reviewed Date] >= (TODAY()-180)))",Calculated measure with business logic,Medium,No,No,0.590,0.720,0.655,"ML-001: 0.200, ML-002: 0.150, ML-003: 0.000, ML-004: 0.240, MN-001: 0.240, MN-002: 0.320, MN-003: 0.160","Complex calculated measures should leverage standard business logic patterns. Break down into simpler components where possible and reuse common calculation elements.; Missing business description. Add comprehensive documentation explaining: (1) What business question this measure answers, (2) When business users should use it, (3) Expected value ranges, (4) Any business rules or filters applied, (5) Data source and calculation methodology in plain language.","Name clarity issues - contains abbreviations 'rev' → 'Revenue' that reduce clarity; lacks descriptive action words (Total, Average, Count, etc.). Use clear, unambiguous names that precisely define what is being measured without requiring domain expertise to understand."
Account Planning,Issue,% Plans Manager Reviewed (last 6 months),"DIVIDE([# Plans Manager Reviewed (last 6 months)], [# of Account Plans],"""")",Ratio or percentage calculation,Medium,No,No,0.650,0.720,0.685,"ML-001: 0.200, ML-002: 0.180, ML-003: 0.000, ML-004: 0.270, MN-001: 0.240, MN-002: 0.320, MN-003: 0.160","Ratio/percentage measures should follow standard calculation patterns. Use DIVIDE() function, include '%' in name for percentages, and ensure consistent decimal formatting across similar measures.; Missing business description. Add comprehensive documentation explaining: (1) What business question this measure answers, (2) When business users should use it, (3) Expected value ranges, (4) Any business rules or filters applied, (5) Data source and calculation methodology in plain language.","Name clarity issues - contains abbreviations 'rev' → 'Revenue' that reduce clarity; lacks descriptive action words (Total, Average, Count, etc.). Use clear, unambiguous names that precisely define what is being measured without requiring domain expertise to understand."
Account Planning,Issue,# Accounts w/ Stakeholder Map,"CALCULATE (
        [# of Account Plans],
        KEEPFILTERS ( 'Account'[Has Stakeholder] = ""Yes"" )
    )",Undocumented or unclear calculation,Medium,No,No,0.350,0.880,0.615,"ML-001: 0.200, ML-002: 0.030, ML-003: 0.000, ML-004: 0.120, MN-001: 0.400, MN-002: 0.320, MN-003: 0.160","Measure does not align with standard library patterns. Review if this can be replaced with or derived from standard business measures, or if it should be added to the standard library for reuse.; Missing business description. Add comprehensive documentation explaining: (1) What business question this measure answers, (2) When business users should use it, (3) Expected value ranges, (4) Any business rules or filters applied, (5) Data source and calculation methodology in plain language.; Calculation type cannot be determined. Clarify the measure's purpose and ensure it follows recognizable DAX patterns. Consider if this measure serves a clear business need or should be restructured using standard calculation patterns.","Naming conventions meet all standards (Clear definitions, Business-focused language, Proper DAX references)"
Account Planning,Warning,% Accounts w/ Stakeholder Map,"DIVIDE( [# Accounts w/ Stakeholder Map], [# of Account Plans],"""")",Ratio or percentage calculation,Medium,No,No,0.650,0.880,0.765,"ML-001: 0.200, ML-002: 0.180, ML-003: 0.000, ML-004: 0.270, MN-001: 0.400, MN-002: 0.320, MN-003: 0.160","Ratio/percentage measures should follow standard calculation patterns. Use DIVIDE() function, include '%' in name for percentages, and ensure consistent decimal formatting across similar measures.; Missing business description. Add comprehensive documentation explaining: (1) What business question this measure answers, (2) When business users should use it, (3) Expected value ranges, (4) Any business rules or filters applied, (5) Data source and calculation methodology in plain language.","Naming conventions meet all standards (Clear definitions, Business-focused language, Proper DAX references)"
Account Planning,Warning,% of Priorities w/ future Date,"VAR Numerator = CALCULATE( [# of Active Priorities],
    KEEPFILTERS( 'Account Plan Priority'[Time Frame Date] > today() )
)        
                                                            
RETURN DIVIDE(Numerator,[# of Active Priorities],"""")",Ratio or percentage calculation,High,No,No,0.680,0.880,0.780,"ML-001: 0.200, ML-002: 0.180, ML-003: 0.000, ML-004: 0.300, MN-001: 0.400, MN-002: 0.320, MN-003: 0.160","Ratio/percentage measures should follow standard calculation patterns. Use DIVIDE() function, include '%' in name for percentages, and ensure consistent decimal formatting across similar measures.; Missing business description. Add comprehensive documentation explaining: (1) What business question this measure answers, (2) When business users should use it, (3) Expected value ranges, (4) Any business rules or filters applied, (5) Data source and calculation methodology in plain language.","Naming conventions meet all standards (Clear definitions, Business-focused language, Proper DAX references)"
Account Planning,Warning,Linked to Objectives,"var Num=CALCULATE([# of Priorities],'Account Planning'[CustomerObjectiveId] <> """",
    'Account'[Plan Type] IN {""0-Strategic"",""1-Full""},
    KEEPFILTERS('Account Plan Priority'[Priority Status] = ""Active"")
)
 Var Den=   CALCULATE([# of Priorities],'Account'[Plan Type] IN {""0-Strategic"",""1-Full""},
        KEEPFILTERS('Account Plan Priority'[Priority Status] = ""Active"")    )
 
RETURN DIVIDE(Num,Den)",Ratio or percentage calculation,High,No,No,0.650,0.920,0.785,"ML-001: 0.200, ML-002: 0.180, ML-003: 0.000, ML-004: 0.270, MN-001: 0.400, MN-002: 0.360, MN-003: 0.160","Ratio/percentage measures should follow standard calculation patterns. Use DIVIDE() function, include '%' in name for percentages, and ensure consistent decimal formatting across similar measures.; Missing business description. Add comprehensive documentation explaining: (1) What business question this measure answers, (2) When business users should use it, (3) Expected value ranges, (4) Any business rules or filters applied, (5) Data source and calculation methodology in plain language.","Naming conventions meet all standards (Clear definitions, Business-focused language, Proper DAX references)"
Account Planning,Issue,Modified On,"IF(MAX('Account'[Days Since Modified])=BLANK(),BLANK(),IF(MAX('Account'[Days Since Modified])>30,0,1))",Complex multi-step calculation,Medium,No,No,0.440,0.880,0.660,"ML-001: 0.200, ML-002: 0.090, ML-003: 0.000, ML-004: 0.150, MN-001: 0.360, MN-002: 0.360, MN-003: 0.160","Complex calculations should be evaluated for standard library inclusion if they represent common business metrics. Consider if this can be simplified using standard patterns or broken into reusable components.; Missing business description. Add comprehensive documentation explaining: (1) What business question this measure answers, (2) When business users should use it, (3) Expected value ranges, (4) Any business rules or filters applied, (5) Data source and calculation methodology in plain language.; Complex calculation - high complexity detected. Consider: (1) Breaking into multiple simpler measures, (2) Adding inline comments explaining logic, (3) Using variables for intermediate calculations, (4) Formatting with proper line breaks and indentation.","Naming conventions meet all standards (Clear definitions, Business-focused language, Proper DAX references)"
Account Planning,Issue,Last Reviewed,"SWITCH (

    TRUE,

    MAX ( 'Account'[Manager Reviewed Date] ) = BLANK (), BLANK (),

    MAX ( 'Account'[Manager Reviewed Flag] ) = ""Yes""

        && MAX ( 'Account'[Manager Reviewed Date] )

            > TODAY () - 90, 1,

    0

)",Complex multi-step calculation,High,No,No,0.470,0.760,0.615,"ML-001: 0.200, ML-002: 0.090, ML-003: 0.000, ML-004: 0.180, MN-001: 0.240, MN-002: 0.360, MN-003: 0.160","Complex calculations should be evaluated for standard library inclusion if they represent common business metrics. Consider if this can be simplified using standard patterns or broken into reusable components.; Missing business description. Add comprehensive documentation explaining: (1) What business question this measure answers, (2) When business users should use it, (3) Expected value ranges, (4) Any business rules or filters applied, (5) Data source and calculation methodology in plain language.","Name clarity issues - contains abbreviations 'rev' → 'Revenue' that reduce clarity; lacks descriptive action words (Total, Average, Count, etc.). Use clear, unambiguous names that precisely define what is being measured without requiring domain expertise to understand."
Account Planning,Issue,# of Plans w/ Priority,"SUMX( VALUES( 'Account Planning'[AccountPlanID] ), 1 )",Undocumented or unclear calculation,Medium,No,No,0.320,0.880,0.600,"ML-001: 0.200, ML-002: 0.030, ML-003: 0.000, ML-004: 0.090, MN-001: 0.400, MN-002: 0.320, MN-003: 0.160","Measure does not align with standard library patterns. Review if this can be replaced with or derived from standard business measures, or if it should be added to the standard library for reuse.; Missing business description. Add comprehensive documentation explaining: (1) What business question this measure answers, (2) When business users should use it, (3) Expected value ranges, (4) Any business rules or filters applied, (5) Data source and calculation methodology in plain language.; Calculation type cannot be determined. Clarify the measure's purpose and ensure it follows recognizable DAX patterns. Consider if this measure serves a clear business need or should be restructured using standard calculation patterns.","Naming conventions meet all standards (Clear definitions, Business-focused language, Proper DAX references)"
Account Planning,Warning,% of Priorities with Partner,"VAR Numerator = CALCULATE([# of Priorities] ,
    KEEPFILTERS('Account Plan Partners'[AccountPartnerProfileId] <> """")
)
VAR Denominator = [# of Priorities]


RETURN DIVIDE(Numerator,Denominator, BLANK())",Ratio or percentage calculation,High,No,No,0.680,0.880,0.780,"ML-001: 0.200, ML-002: 0.180, ML-003: 0.000, ML-004: 0.300, MN-001: 0.400, MN-002: 0.320, MN-003: 0.160","Ratio/percentage measures should follow standard calculation patterns. Use DIVIDE() function, include '%' in name for percentages, and ensure consistent decimal formatting across similar measures.; Missing business description. Add comprehensive documentation explaining: (1) What business question this measure answers, (2) When business users should use it, (3) Expected value ranges, (4) Any business rules or filters applied, (5) Data source and calculation methodology in plain language.","Naming conventions meet all standards (Clear definitions, Business-focused language, Proper DAX references)"
Account Planning,Issue,% Plans Reviewed < 90 Days,"DIVIDE([# plans with manger reviewed date in last 90 days],[# of Account Plans],"""")",Ratio or percentage calculation,Medium,No,No,0.650,0.760,0.705,"ML-001: 0.200, ML-002: 0.180, ML-003: 0.000, ML-004: 0.270, MN-001: 0.240, MN-002: 0.360, MN-003: 0.160","Ratio/percentage measures should follow standard calculation patterns. Use DIVIDE() function, include '%' in name for percentages, and ensure consistent decimal formatting across similar measures.; Missing business description. Add comprehensive documentation explaining: (1) What business question this measure answers, (2) When business users should use it, (3) Expected value ranges, (4) Any business rules or filters applied, (5) Data source and calculation methodology in plain language.","Name clarity issues - contains abbreviations 'rev' → 'Revenue' that reduce clarity; lacks descriptive action words (Total, Average, Count, etc.). Use clear, unambiguous names that precisely define what is being measured without requiring domain expertise to understand."
Account Planning,Issue,# plans with manger reviewed date in last 90 days,"CALCULATE (
  [# of Account Plans],
  FILTER( 'Account','Account'[Manager Reviewed Date] >= (TODAY()-90)))",Calculated measure with business logic,Medium,No,No,0.590,0.720,0.655,"ML-001: 0.200, ML-002: 0.150, ML-003: 0.000, ML-004: 0.240, MN-001: 0.240, MN-002: 0.320, MN-003: 0.160","Complex calculated measures should leverage standard business logic patterns. Break down into simpler components where possible and reuse common calculation elements.; Missing business description. Add comprehensive documentation explaining: (1) What business question this measure answers, (2) When business users should use it, (3) Expected value ranges, (4) Any business rules or filters applied, (5) Data source and calculation methodology in plain language.","Name clarity issues - contains abbreviations 'rev' → 'Revenue' that reduce clarity; lacks descriptive action words (Total, Average, Count, etc.). Use clear, unambiguous names that precisely define what is being measured without requiring domain expertise to understand."
Account Planning,Issue,# plans with days since modified < 30 days,"CALCULATE (
  [# of Account Plans],
  FILTER( 'Account','Account'[Days Since Modified] < 30))",Calculated measure with business logic,Medium,No,No,0.560,0.880,0.720,"ML-001: 0.200, ML-002: 0.150, ML-003: 0.000, ML-004: 0.210, MN-001: 0.400, MN-002: 0.320, MN-003: 0.160","Complex calculated measures should leverage standard business logic patterns. Break down into simpler components where possible and reuse common calculation elements.; Missing business description. Add comprehensive documentation explaining: (1) What business question this measure answers, (2) When business users should use it, (3) Expected value ranges, (4) Any business rules or filters applied, (5) Data source and calculation methodology in plain language.","Naming conventions meet all standards (Clear definitions, Business-focused language, Proper DAX references)"
Account Planning,Warning,% Plans Modified < 30 Days,"DIVIDE([# plans with days since modified < 30 days],[# of Account Plans],"""")",Ratio or percentage calculation,Medium,No,No,0.650,0.920,0.785,"ML-001: 0.200, ML-002: 0.180, ML-003: 0.000, ML-004: 0.270, MN-001: 0.400, MN-002: 0.360, MN-003: 0.160","Ratio/percentage measures should follow standard calculation patterns. Use DIVIDE() function, include '%' in name for percentages, and ensure consistent decimal formatting across similar measures.; Missing business description. Add comprehensive documentation explaining: (1) What business question this measure answers, (2) When business users should use it, (3) Expected value ranges, (4) Any business rules or filters applied, (5) Data source and calculation methodology in plain language.","Naming conventions meet all standards (Clear definitions, Business-focused language, Proper DAX references)"
Account Planning,Warning,% of Priorities with Top Priority,"DIVIDE( [# of Top Priorities], [# of Active Priorities],"""" )",Ratio or percentage calculation,Medium,No,No,0.650,0.880,0.765,"ML-001: 0.200, ML-002: 0.180, ML-003: 0.000, ML-004: 0.270, MN-001: 0.400, MN-002: 0.320, MN-003: 0.160","Ratio/percentage measures should follow standard calculation patterns. Use DIVIDE() function, include '%' in name for percentages, and ensure consistent decimal formatting across similar measures.; Missing business description. Add comprehensive documentation explaining: (1) What business question this measure answers, (2) When business users should use it, (3) Expected value ranges, (4) Any business rules or filters applied, (5) Data source and calculation methodology in plain language.","Naming conventions meet all standards (Clear definitions, Business-focused language, Proper DAX references)"
Account Planning,Warning,% of Top Priorities with CSP,"DIVIDE([# of Top Priorities with CSP],[# of Top Priorities])",Ratio or percentage calculation,Medium,No,No,0.650,0.880,0.765,"ML-001: 0.200, ML-002: 0.180, ML-003: 0.000, ML-004: 0.270, MN-001: 0.400, MN-002: 0.320, MN-003: 0.160","Ratio/percentage measures should follow standard calculation patterns. Use DIVIDE() function, include '%' in name for percentages, and ensure consistent decimal formatting across similar measures.; Missing business description. Add comprehensive documentation explaining: (1) What business question this measure answers, (2) When business users should use it, (3) Expected value ranges, (4) Any business rules or filters applied, (5) Data source and calculation methodology in plain language.","Naming conventions meet all standards (Clear definitions, Business-focused language, Proper DAX references)"
Account Planning,Issue,# of Top Priorities with CSP,"CALCULATE([# of Top Priorities],KEEPFILTERS('Account Plan Priority'[Is Top Priority with CSP]= TRUE))",Calculated measure with business logic,Medium,No,No,0.560,0.880,0.720,"ML-001: 0.200, ML-002: 0.150, ML-003: 0.000, ML-004: 0.210, MN-001: 0.400, MN-002: 0.320, MN-003: 0.160","Complex calculated measures should leverage standard business logic patterns. Break down into simpler components where possible and reuse common calculation elements.; Missing business description. Add comprehensive documentation explaining: (1) What business question this measure answers, (2) When business users should use it, (3) Expected value ranges, (4) Any business rules or filters applied, (5) Data source and calculation methodology in plain language.","Naming conventions meet all standards (Clear definitions, Business-focused language, Proper DAX references)"
Account Planning,Issue,# of Top Priorities,"CALCULATE([# of Active Priorities]
    ,KEEPFILTERS('Account Plan Priority'[Is Top Priority Linked to Active Customer]= TRUE))",Calculated measure with business logic,Medium,No,No,0.590,0.880,0.735,"ML-001: 0.200, ML-002: 0.150, ML-003: 0.000, ML-004: 0.240, MN-001: 0.400, MN-002: 0.320, MN-003: 0.160","Complex calculated measures should leverage standard business logic patterns. Break down into simpler components where possible and reuse common calculation elements.; Missing business description. Add comprehensive documentation explaining: (1) What business question this measure answers, (2) When business users should use it, (3) Expected value ranges, (4) Any business rules or filters applied, (5) Data source and calculation methodology in plain language.","Naming conventions meet all standards (Clear definitions, Business-focused language, Proper DAX references)"
Account Planning,Issue,# Accounts with MACC,"CALCULATE([TPID Count],KEEPFILTERS(Account[Has MACC Pipeline]=""Yes""))",Calculated measure with business logic,Medium,No,No,0.560,0.880,0.720,"ML-001: 0.200, ML-002: 0.150, ML-003: 0.000, ML-004: 0.210, MN-001: 0.400, MN-002: 0.320, MN-003: 0.160","Complex calculated measures should leverage standard business logic patterns. Break down into simpler components where possible and reuse common calculation elements.; Missing business description. Add comprehensive documentation explaining: (1) What business question this measure answers, (2) When business users should use it, (3) Expected value ranges, (4) Any business rules or filters applied, (5) Data source and calculation methodology in plain language.","Naming conventions meet all standards (Clear definitions, Business-focused language, Proper DAX references)"
Account Planning,Warning,% Accounts with MACC Consumption Plan,"VAR _Num=CALCULATE([# Accounts with MACC],KEEPFILTERS(Account[Consumption Flag]=""Yes""))

RETURN DIVIDE(_Num,[# Accounts with MACC],"""")",Ratio or percentage calculation,Medium,No,No,0.680,0.880,0.780,"ML-001: 0.200, ML-002: 0.180, ML-003: 0.000, ML-004: 0.300, MN-001: 0.400, MN-002: 0.320, MN-003: 0.160","Ratio/percentage measures should follow standard calculation patterns. Use DIVIDE() function, include '%' in name for percentages, and ensure consistent decimal formatting across similar measures.; Missing business description. Add comprehensive documentation explaining: (1) What business question this measure answers, (2) When business users should use it, (3) Expected value ranges, (4) Any business rules or filters applied, (5) Data source and calculation methodology in plain language.","Naming conventions meet all standards (Clear definitions, Business-focused language, Proper DAX references)"
Account Planning,Warning,% of Accounts with QBR,"var num=CALCULATE([TPID Count],KEEPFILTERS(Account[isqbr]=""yes""))

RETURN DIVIDE(num,[TPID Count],BLANK())",Ratio or percentage calculation,Medium,No,No,0.680,0.920,0.800,"ML-001: 0.200, ML-002: 0.180, ML-003: 0.000, ML-004: 0.300, MN-001: 0.400, MN-002: 0.320, MN-003: 0.200","Ratio/percentage measures should follow standard calculation patterns. Use DIVIDE() function, include '%' in name for percentages, and ensure consistent decimal formatting across similar measures.; Missing business description. Add comprehensive documentation explaining: (1) What business question this measure answers, (2) When business users should use it, (3) Expected value ranges, (4) Any business rules or filters applied, (5) Data source and calculation methodology in plain language.","Naming conventions meet all standards (Clear definitions, Business-focused language, Proper DAX references)"
Account Planning,Warning,% of Accounts with CSDR Within Last 30 Days,"var den=CALCULATE( [TPID Count], KEEPFILTERS( Account[Has Premier Unified] = ""Yes"" ), KEEPFILTERS( Account[Has CSDR] = ""Yes"" ) )
var num=CALCULATE( [TPID Count], KEEPFILTERS( Account[Has Premier Unified] = ""Yes"" ), KEEPFILTERS( Account[Has CSDR within 30 Days] = ""Yes"" ) )

RETURN DIVIDE(num,den,"""")",Ratio or percentage calculation,High,No,No,0.680,0.880,0.780,"ML-001: 0.200, ML-002: 0.180, ML-003: 0.000, ML-004: 0.300, MN-001: 0.400, MN-002: 0.320, MN-003: 0.160","Ratio/percentage measures should follow standard calculation patterns. Use DIVIDE() function, include '%' in name for percentages, and ensure consistent decimal formatting across similar measures.; Missing business description. Add comprehensive documentation explaining: (1) What business question this measure answers, (2) When business users should use it, (3) Expected value ranges, (4) Any business rules or filters applied, (5) Data source and calculation methodology in plain language.","Naming conventions meet all standards (Clear definitions, Business-focused language, Proper DAX references)"
Account Planning,Issue,# of Active Priorities,"CALCULATE([# of Priorities],KEEPFILTERS('Account Plan Priority'[Priority Status]=""Active""))",Calculated measure with business logic,Medium,No,No,0.560,0.880,0.720,"ML-001: 0.200, ML-002: 0.150, ML-003: 0.000, ML-004: 0.210, MN-001: 0.400, MN-002: 0.320, MN-003: 0.160","Complex calculated measures should leverage standard business logic patterns. Break down into simpler components where possible and reuse common calculation elements.; Missing business description. Add comprehensive documentation explaining: (1) What business question this measure answers, (2) When business users should use it, (3) Expected value ranges, (4) Any business rules or filters applied, (5) Data source and calculation methodology in plain language.","Naming conventions meet all standards (Clear definitions, Business-focused language, Proper DAX references)"
Pipeline,Warning,% Billed Pipeline w/ Priority,"VAR X = CALCULATE([Billed Pipeline],KEEPFILTERS('Opportunity'[ParentingLevel Oppties]=""TopParentOppties""))

RETURN DIVIDE( [Billed Pipeline w/ Priority], X )",Ratio or percentage calculation,High,No,No,0.680,0.880,0.780,"ML-001: 0.200, ML-002: 0.180, ML-003: 0.000, ML-004: 0.300, MN-001: 0.400, MN-002: 0.320, MN-003: 0.160","Ratio/percentage measures should follow standard calculation patterns. Use DIVIDE() function, include '%' in name for percentages, and ensure consistent decimal formatting across similar measures.; Missing business description. Add comprehensive documentation explaining: (1) What business question this measure answers, (2) When business users should use it, (3) Expected value ranges, (4) Any business rules or filters applied, (5) Data source and calculation methodology in plain language.","Naming conventions meet all standards (Clear definitions, Business-focused language, Proper DAX references)"
Pipeline,Issue,Billed Pipeline,[Billed Pipeline Base],Undocumented or unclear calculation,Low,No,No,0.320,0.920,0.620,"ML-001: 0.200, ML-002: 0.030, ML-003: 0.000, ML-004: 0.090, MN-001: 0.400, MN-002: 0.360, MN-003: 0.160","Measure does not align with standard library patterns. Review if this can be replaced with or derived from standard business measures, or if it should be added to the standard library for reuse.; Missing business description. Add comprehensive documentation explaining: (1) What business question this measure answers, (2) When business users should use it, (3) Expected value ranges, (4) Any business rules or filters applied, (5) Data source and calculation methodology in plain language.; Calculation type cannot be determined. Clarify the measure's purpose and ensure it follows recognizable DAX patterns. Consider if this measure serves a clear business need or should be restructured using standard calculation patterns.","Naming conventions meet all standards (Clear definitions, Business-focused language, Proper DAX references)"
Pipeline,Issue,Billed Opportunity Count,"CALCULATE([Opportunity Count], KEEPFILTERS(Opportunity[Qualified Pipeline Flag] = 1))",Calculated measure with business logic,Medium,No,No,0.560,0.920,0.740,"ML-001: 0.200, ML-002: 0.150, ML-003: 0.000, ML-004: 0.210, MN-001: 0.400, MN-002: 0.360, MN-003: 0.160","Complex calculated measures should leverage standard business logic patterns. Break down into simpler components where possible and reuse common calculation elements.; Missing business description. Add comprehensive documentation explaining: (1) What business question this measure answers, (2) When business users should use it, (3) Expected value ranges, (4) Any business rules or filters applied, (5) Data source and calculation methodology in plain language.","Naming conventions meet all standards (Clear definitions, Business-focused language, Proper DAX references)"
Pipeline,Issue,Opportunity Count,"SUMX(VALUES('Pipeline'[dimopportunitykey]),1)",Undocumented or unclear calculation,Low,No,No,0.320,0.920,0.620,"ML-001: 0.200, ML-002: 0.030, ML-003: 0.000, ML-004: 0.090, MN-001: 0.400, MN-002: 0.360, MN-003: 0.160","Measure does not align with standard library patterns. Review if this can be replaced with or derived from standard business measures, or if it should be added to the standard library for reuse.; Missing business description. Add comprehensive documentation explaining: (1) What business question this measure answers, (2) When business users should use it, (3) Expected value ranges, (4) Any business rules or filters applied, (5) Data source and calculation methodology in plain language.; Calculation type cannot be determined. Clarify the measure's purpose and ensure it follows recognizable DAX patterns. Consider if this measure serves a clear business need or should be restructured using standard calculation patterns.","Naming conventions meet all standards (Clear definitions, Business-focused language, Proper DAX references)"
Pipeline,Issue,Committed Pipeline,"CALCULATE([Billed Pipeline],KEEPFILTERS(Opportunity[Forecast Recommendation]=""Committed""))",Calculated measure with business logic,Medium,No,No,0.560,0.920,0.740,"ML-001: 0.200, ML-002: 0.150, ML-003: 0.000, ML-004: 0.210, MN-001: 0.400, MN-002: 0.360, MN-003: 0.160","Complex calculated measures should leverage standard business logic patterns. Break down into simpler components where possible and reuse common calculation elements.; Missing business description. Add comprehensive documentation explaining: (1) What business question this measure answers, (2) When business users should use it, (3) Expected value ranges, (4) Any business rules or filters applied, (5) Data source and calculation methodology in plain language.","Naming conventions meet all standards (Clear definitions, Business-focused language, Proper DAX references)"
Pipeline,Issue,Committed at Risk Pipeline,"CALCULATE([Billed Pipeline],KEEPFILTERS('Opportunity'[Forecast Recommendation]=""Committed at Risk""))",Calculated measure with business logic,Medium,No,No,0.560,0.920,0.740,"ML-001: 0.200, ML-002: 0.150, ML-003: 0.000, ML-004: 0.210, MN-001: 0.400, MN-002: 0.360, MN-003: 0.160","Complex calculated measures should leverage standard business logic patterns. Break down into simpler components where possible and reuse common calculation elements.; Missing business description. Add comprehensive documentation explaining: (1) What business question this measure answers, (2) When business users should use it, (3) Expected value ranges, (4) Any business rules or filters applied, (5) Data source and calculation methodology in plain language.","Naming conventions meet all standards (Clear definitions, Business-focused language, Proper DAX references)"
Pipeline,Issue,Committed + Risk Pipeline,[Committed Pipeline] + [Committed at Risk Pipeline],Undocumented or unclear calculation,Medium,No,No,0.320,0.920,0.620,"ML-001: 0.200, ML-002: 0.030, ML-003: 0.000, ML-004: 0.090, MN-001: 0.400, MN-002: 0.360, MN-003: 0.160","Measure does not align with standard library patterns. Review if this can be replaced with or derived from standard business measures, or if it should be added to the standard library for reuse.; Missing business description. Add comprehensive documentation explaining: (1) What business question this measure answers, (2) When business users should use it, (3) Expected value ranges, (4) Any business rules or filters applied, (5) Data source and calculation methodology in plain language.; Calculation type cannot be determined. Clarify the measure's purpose and ensure it follows recognizable DAX patterns. Consider if this measure serves a clear business need or should be restructured using standard calculation patterns.","Naming conventions meet all standards (Clear definitions, Business-focused language, Proper DAX references)"
Pipeline,Issue,Billed Pipeline w/ Priority,"CALCULATE (SUM('Priority Pipeline'[PipelineUSD])
        ,KEEPFILTERS('Priority Pipeline'[PipelineType] = ""Billed""))",Undocumented or unclear calculation,Medium,No,No,0.350,0.920,0.635,"ML-001: 0.200, ML-002: 0.030, ML-003: 0.000, ML-004: 0.120, MN-001: 0.400, MN-002: 0.360, MN-003: 0.160","Measure does not align with standard library patterns. Review if this can be replaced with or derived from standard business measures, or if it should be added to the standard library for reuse.; Missing business description. Add comprehensive documentation explaining: (1) What business question this measure answers, (2) When business users should use it, (3) Expected value ranges, (4) Any business rules or filters applied, (5) Data source and calculation methodology in plain language.; Calculation type cannot be determined. Clarify the measure's purpose and ensure it follows recognizable DAX patterns. Consider if this measure serves a clear business need or should be restructured using standard calculation patterns.","Naming conventions meet all standards (Clear definitions, Business-focused language, Proper DAX references)"
Pipeline,Issue,ACR Pipeline,[ACR Pipeline Base],Undocumented or unclear calculation,Low,No,No,0.320,0.920,0.620,"ML-001: 0.200, ML-002: 0.030, ML-003: 0.000, ML-004: 0.090, MN-001: 0.400, MN-002: 0.360, MN-003: 0.160","Measure does not align with standard library patterns. Review if this can be replaced with or derived from standard business measures, or if it should be added to the standard library for reuse.; Missing business description. Add comprehensive documentation explaining: (1) What business question this measure answers, (2) When business users should use it, (3) Expected value ranges, (4) Any business rules or filters applied, (5) Data source and calculation methodology in plain language.; Calculation type cannot be determined. Clarify the measure's purpose and ensure it follows recognizable DAX patterns. Consider if this measure serves a clear business need or should be restructured using standard calculation patterns.","Naming conventions meet all standards (Clear definitions, Business-focused language, Proper DAX references)"
Pipeline,Issue,Future year ACR Pipeline,"CALCULATE (
    [ACR Pipeline w/ Priority],
    KEEPFILTERS ( 'Calendar'[Relative Year] = ""CY+1"" ),
    ALL ( 'Calendar' )
)",Undocumented or unclear calculation,Medium,No,No,0.350,0.920,0.635,"ML-001: 0.200, ML-002: 0.030, ML-003: 0.000, ML-004: 0.120, MN-001: 0.400, MN-002: 0.360, MN-003: 0.160","Measure does not align with standard library patterns. Review if this can be replaced with or derived from standard business measures, or if it should be added to the standard library for reuse.; Missing business description. Add comprehensive documentation explaining: (1) What business question this measure answers, (2) When business users should use it, (3) Expected value ranges, (4) Any business rules or filters applied, (5) Data source and calculation methodology in plain language.; Calculation type cannot be determined. Clarify the measure's purpose and ensure it follows recognizable DAX patterns. Consider if this measure serves a clear business need or should be restructured using standard calculation patterns.","Naming conventions meet all standards (Clear definitions, Business-focused language, Proper DAX references)"
Pipeline,Issue,ACR Pipeline w/ Priority,"CALCULATE (SUM('Priority Pipeline'[ACRPipelineUSD])
        ,KEEPFILTERS('Priority Pipeline'[PipelineType] = ""Consumption""))",Undocumented or unclear calculation,Medium,No,No,0.350,0.920,0.635,"ML-001: 0.200, ML-002: 0.030, ML-003: 0.000, ML-004: 0.120, MN-001: 0.400, MN-002: 0.360, MN-003: 0.160","Measure does not align with standard library patterns. Review if this can be replaced with or derived from standard business measures, or if it should be added to the standard library for reuse.; Missing business description. Add comprehensive documentation explaining: (1) What business question this measure answers, (2) When business users should use it, (3) Expected value ranges, (4) Any business rules or filters applied, (5) Data source and calculation methodology in plain language.; Calculation type cannot be determined. Clarify the measure's purpose and ensure it follows recognizable DAX patterns. Consider if this measure serves a clear business need or should be restructured using standard calculation patterns.","Naming conventions meet all standards (Clear definitions, Business-focused language, Proper DAX references)"
Pipeline,Issue,Future Year Billed Pipeline,"CALCULATE (
    [Billed Pipeline w/ Priority],
    KEEPFILTERS ( 'Calendar'[Relative Year] = ""CY+1"" ), ALL('Calendar')
)",Undocumented or unclear calculation,Medium,No,No,0.350,0.920,0.635,"ML-001: 0.200, ML-002: 0.030, ML-003: 0.000, ML-004: 0.120, MN-001: 0.400, MN-002: 0.360, MN-003: 0.160","Measure does not align with standard library patterns. Review if this can be replaced with or derived from standard business measures, or if it should be added to the standard library for reuse.; Missing business description. Add comprehensive documentation explaining: (1) What business question this measure answers, (2) When business users should use it, (3) Expected value ranges, (4) Any business rules or filters applied, (5) Data source and calculation methodology in plain language.; Calculation type cannot be determined. Clarify the measure's purpose and ensure it follows recognizable DAX patterns. Consider if this measure serves a clear business need or should be restructured using standard calculation patterns.","Naming conventions meet all standards (Clear definitions, Business-focused language, Proper DAX references)"
Pipeline,Issue,# Opportunities w/ Priority,"SUMX( VALUES( 'Priority Pipeline'[dimopportunitykey] ), 1 )",Undocumented or unclear calculation,Medium,No,No,0.320,0.880,0.600,"ML-001: 0.200, ML-002: 0.030, ML-003: 0.000, ML-004: 0.090, MN-001: 0.400, MN-002: 0.320, MN-003: 0.160","Measure does not align with standard library patterns. Review if this can be replaced with or derived from standard business measures, or if it should be added to the standard library for reuse.; Missing business description. Add comprehensive documentation explaining: (1) What business question this measure answers, (2) When business users should use it, (3) Expected value ranges, (4) Any business rules or filters applied, (5) Data source and calculation methodology in plain language.; Calculation type cannot be determined. Clarify the measure's purpose and ensure it follows recognizable DAX patterns. Consider if this measure serves a clear business need or should be restructured using standard calculation patterns.","Naming conventions meet all standards (Clear definitions, Business-focused language, Proper DAX references)"
Pipeline,Issue,# Billed Oppties w/ Priority,"CALCULATE([# Opportunities w/ Priority],KEEPFILTERS('Priority Pipeline'[PipelineType]=""Billed""))",Calculated measure with business logic,Medium,No,No,0.560,0.880,0.720,"ML-001: 0.200, ML-002: 0.150, ML-003: 0.000, ML-004: 0.210, MN-001: 0.400, MN-002: 0.320, MN-003: 0.160","Complex calculated measures should leverage standard business logic patterns. Break down into simpler components where possible and reuse common calculation elements.; Missing business description. Add comprehensive documentation explaining: (1) What business question this measure answers, (2) When business users should use it, (3) Expected value ranges, (4) Any business rules or filters applied, (5) Data source and calculation methodology in plain language.","Naming conventions meet all standards (Clear definitions, Business-focused language, Proper DAX references)"
Pipeline,Issue,# Consumed Oppties w/ Priority,"CALCULATE([# Opportunities w/ Priority],KEEPFILTERS('Priority Pipeline'[PipelineType]=""Consumption""))",Calculated measure with business logic,Medium,No,No,0.560,0.880,0.720,"ML-001: 0.200, ML-002: 0.150, ML-003: 0.000, ML-004: 0.210, MN-001: 0.400, MN-002: 0.320, MN-003: 0.160","Complex calculated measures should leverage standard business logic patterns. Break down into simpler components where possible and reuse common calculation elements.; Missing business description. Add comprehensive documentation explaining: (1) What business question this measure answers, (2) When business users should use it, (3) Expected value ranges, (4) Any business rules or filters applied, (5) Data source and calculation methodology in plain language.","Naming conventions meet all standards (Clear definitions, Business-focused language, Proper DAX references)"
Pipeline,Warning,% of Billed Opties w/ future date,"VAR Numerator = CALCULATE([# Billed Oppties w/ Priority]
               ,KEEPFILTERS('Opportunity'[Open Opportunity Flag] =1)
               ,KEEPFILTERS(Opportunity[Opportunity Due Date] > today())
) 
VAR Denominator = CALCULATE([# Billed Oppties w/ Priority]
                  ,KEEPFILTERS('Opportunity'[Open Opportunity Flag] =1)
)                                                         

RETURN DIVIDE(Numerator,Denominator)",Ratio or percentage calculation,High,No,No,0.650,0.880,0.765,"ML-001: 0.200, ML-002: 0.180, ML-003: 0.000, ML-004: 0.270, MN-001: 0.400, MN-002: 0.320, MN-003: 0.160","Ratio/percentage measures should follow standard calculation patterns. Use DIVIDE() function, include '%' in name for percentages, and ensure consistent decimal formatting across similar measures.; Missing business description. Add comprehensive documentation explaining: (1) What business question this measure answers, (2) When business users should use it, (3) Expected value ranges, (4) Any business rules or filters applied, (5) Data source and calculation methodology in plain language.","Naming conventions meet all standards (Clear definitions, Business-focused language, Proper DAX references)"
Pipeline,Warning,% of Consumption Opties w/ future date,"VAR Numerator = CALCULATE([# Consumed Oppties w/ Priority]
               ,KEEPFILTERS('Opportunity'[Open Opportunity Flag] =1)
               ,KEEPFILTERS(Opportunity[Estimated Completion Date] > today())
) 
VAR Denominator = CALCULATE([# Consumed Oppties w/ Priority]
                  ,KEEPFILTERS('Opportunity'[Open Opportunity Flag] =1 )
)                                                         

RETURN DIVIDE(Numerator,Denominator)",Ratio or percentage calculation,High,No,No,0.650,0.880,0.765,"ML-001: 0.200, ML-002: 0.180, ML-003: 0.000, ML-004: 0.270, MN-001: 0.400, MN-002: 0.320, MN-003: 0.160","Ratio/percentage measures should follow standard calculation patterns. Use DIVIDE() function, include '%' in name for percentages, and ensure consistent decimal formatting across similar measures.; Missing business description. Add comprehensive documentation explaining: (1) What business question this measure answers, (2) When business users should use it, (3) Expected value ranges, (4) Any business rules or filters applied, (5) Data source and calculation methodology in plain language.","Naming conventions meet all standards (Clear definitions, Business-focused language, Proper DAX references)"
Pipeline,Issue,% Total Pipeline w/ Priority,"VAR Num = CALCULATE( [Billed Pipeline w/ Priority] + [ACR Pipeline w/ Priority], KEEPFILTERS( 'Priority Pipeline'[OpenOpportunityFlag] = 1 ) )
 VAR Den = CALCULATE( [Billed Pipeline] + [ACR Pipeline],KEEPFILTERS('Pipeline'[TopParentOpenOpptyFlag] = 1) ) 
 RETURN DIVIDE(Num, Den)",Ratio or percentage calculation,High,No,No,0.680,0.760,0.720,"ML-001: 0.200, ML-002: 0.180, ML-003: 0.000, ML-004: 0.300, MN-001: 0.280, MN-002: 0.320, MN-003: 0.160","Ratio/percentage measures should follow standard calculation patterns. Use DIVIDE() function, include '%' in name for percentages, and ensure consistent decimal formatting across similar measures.; Missing business description. Add comprehensive documentation explaining: (1) What business question this measure answers, (2) When business users should use it, (3) Expected value ranges, (4) Any business rules or filters applied, (5) Data source and calculation methodology in plain language.","Naming conventions meet all standards (Clear definitions, Business-focused language, Proper DAX references)"
Pipeline,Warning,% Billed opties w/ close plan,"VAR X = CALCULATE( [Billed Pipeline], KEEPFILTERS( Opportunity[Close Plan Attached] = ""Yes"" ),KEEPFILTERS('Opportunity'[Open Opportunity Flag] = 1) )

VAR Y = CALCULATE( [Billed Pipeline],KEEPFILTERS('Opportunity'[Open Opportunity Flag] = 1) )

RETURN DIVIDE( X, Y ,"""")",Ratio or percentage calculation,High,No,No,0.680,0.880,0.780,"ML-001: 0.200, ML-002: 0.180, ML-003: 0.000, ML-004: 0.300, MN-001: 0.400, MN-002: 0.320, MN-003: 0.160","Ratio/percentage measures should follow standard calculation patterns. Use DIVIDE() function, include '%' in name for percentages, and ensure consistent decimal formatting across similar measures.; Missing business description. Add comprehensive documentation explaining: (1) What business question this measure answers, (2) When business users should use it, (3) Expected value ranges, (4) Any business rules or filters applied, (5) Data source and calculation methodology in plain language.","Naming conventions meet all standards (Clear definitions, Business-focused language, Proper DAX references)"
Pipeline,Issue,% of Total Opties w/ future date,"VAR Numerator = CALCULATE([# Open Opportunities w/ Priority], OR(Opportunity[Opportunity Due Date] > today(),Opportunity[Estimated Completion Date] > today())) 
VAR Denominator = [# Open Opportunities w/ Priority]                                                

RETURN DIVIDE(Numerator,Denominator)",Ratio or percentage calculation,High,No,No,0.680,0.760,0.720,"ML-001: 0.200, ML-002: 0.180, ML-003: 0.000, ML-004: 0.300, MN-001: 0.280, MN-002: 0.320, MN-003: 0.160","Ratio/percentage measures should follow standard calculation patterns. Use DIVIDE() function, include '%' in name for percentages, and ensure consistent decimal formatting across similar measures.; Missing business description. Add comprehensive documentation explaining: (1) What business question this measure answers, (2) When business users should use it, (3) Expected value ranges, (4) Any business rules or filters applied, (5) Data source and calculation methodology in plain language.","Naming conventions meet all standards (Clear definitions, Business-focused language, Proper DAX references)"
Pipeline,Critical,Total Pipeline,[Billed Pipeline]+[ACR Pipeline],Undocumented or unclear calculation,Low,No,No,0.320,0.800,0.560,"ML-001: 0.200, ML-002: 0.030, ML-003: 0.000, ML-004: 0.090, MN-001: 0.280, MN-002: 0.360, MN-003: 0.160","Measure does not align with standard library patterns. Review if this can be replaced with or derived from standard business measures, or if it should be added to the standard library for reuse.; Missing business description. Add comprehensive documentation explaining: (1) What business question this measure answers, (2) When business users should use it, (3) Expected value ranges, (4) Any business rules or filters applied, (5) Data source and calculation methodology in plain language.; Calculation type cannot be determined. Clarify the measure's purpose and ensure it follows recognizable DAX patterns. Consider if this measure serves a clear business need or should be restructured using standard calculation patterns.","Naming conventions meet all standards (Clear definitions, Business-focused language, Proper DAX references)"
Pipeline,Warning,% ACR Pipeline w/ Priority,"VAR X = CALCULATE([ACR Pipeline],KEEPFILTERS('Opportunity'[ParentingLevel Oppties]=""TopParentOppties""))

RETURN DIVIDE( [ACR Pipeline w/ Priority], X )",Ratio or percentage calculation,High,No,No,0.680,0.880,0.780,"ML-001: 0.200, ML-002: 0.180, ML-003: 0.000, ML-004: 0.300, MN-001: 0.400, MN-002: 0.320, MN-003: 0.160","Ratio/percentage measures should follow standard calculation patterns. Use DIVIDE() function, include '%' in name for percentages, and ensure consistent decimal formatting across similar measures.; Missing business description. Add comprehensive documentation explaining: (1) What business question this measure answers, (2) When business users should use it, (3) Expected value ranges, (4) Any business rules or filters applied, (5) Data source and calculation methodology in plain language.","Naming conventions meet all standards (Clear definitions, Business-focused language, Proper DAX references)"
Pipeline,Issue,# Billed Oppties,"CALCULATE([Opportunity Count], KEEPFILTERS(Opportunity[Opportunity Type] IN {""Billed"",""Billed & Consumption""}))",Calculated measure with business logic,Medium,No,No,0.560,0.920,0.740,"ML-001: 0.200, ML-002: 0.150, ML-003: 0.000, ML-004: 0.210, MN-001: 0.400, MN-002: 0.360, MN-003: 0.160","Complex calculated measures should leverage standard business logic patterns. Break down into simpler components where possible and reuse common calculation elements.; Missing business description. Add comprehensive documentation explaining: (1) What business question this measure answers, (2) When business users should use it, (3) Expected value ranges, (4) Any business rules or filters applied, (5) Data source and calculation methodology in plain language.","Naming conventions meet all standards (Clear definitions, Business-focused language, Proper DAX references)"
Pipeline,Issue,# Consumed Oppties,"CALCULATE([Opportunity Count], KEEPFILTERS(Opportunity[Opportunity Type] IN {""Consumption"",""Billed & Consumption""}))",Calculated measure with business logic,Medium,No,No,0.560,0.920,0.740,"ML-001: 0.200, ML-002: 0.150, ML-003: 0.000, ML-004: 0.210, MN-001: 0.400, MN-002: 0.360, MN-003: 0.160","Complex calculated measures should leverage standard business logic patterns. Break down into simpler components where possible and reuse common calculation elements.; Missing business description. Add comprehensive documentation explaining: (1) What business question this measure answers, (2) When business users should use it, (3) Expected value ranges, (4) Any business rules or filters applied, (5) Data source and calculation methodology in plain language.","Naming conventions meet all standards (Clear definitions, Business-focused language, Proper DAX references)"
Pipeline,Issue,% Total Opty count w/ priority,"VAR X = CALCULATE([Opportunity Count],KEEPFILTERS('Pipeline'[TopParentOpenOpptyFlag] = 1))

RETURN DIVIDE ([# Open Opportunities w/ Priority],X)",Calculated measure with business logic,Medium,No,No,0.590,0.760,0.675,"ML-001: 0.200, ML-002: 0.150, ML-003: 0.000, ML-004: 0.240, MN-001: 0.280, MN-002: 0.320, MN-003: 0.160","Complex calculated measures should leverage standard business logic patterns. Break down into simpler components where possible and reuse common calculation elements.; Missing business description. Add comprehensive documentation explaining: (1) What business question this measure answers, (2) When business users should use it, (3) Expected value ranges, (4) Any business rules or filters applied, (5) Data source and calculation methodology in plain language.","Naming conventions meet all standards (Clear definitions, Business-focused language, Proper DAX references)"
Pipeline,Issue,% Total Stage 1 Opty count w/ priority,"CALCULATE([% Total Opty count w/ priority],KEEPFILTERS(Opportunity[Sales Stage Sort]=1))",Ratio or percentage calculation,Medium,No,No,0.650,0.760,0.705,"ML-001: 0.200, ML-002: 0.180, ML-003: 0.000, ML-004: 0.270, MN-001: 0.280, MN-002: 0.320, MN-003: 0.160","Ratio/percentage measures should follow standard calculation patterns. Use DIVIDE() function, include '%' in name for percentages, and ensure consistent decimal formatting across similar measures.; Missing business description. Add comprehensive documentation explaining: (1) What business question this measure answers, (2) When business users should use it, (3) Expected value ranges, (4) Any business rules or filters applied, (5) Data source and calculation methodology in plain language.","Naming conventions meet all standards (Clear definitions, Business-focused language, Proper DAX references)"
Pipeline,Issue,% Total Stage 1 pipeline w/ priority,"CALCULATE([% Total Pipeline w/ Priority],KEEPFILTERS(Opportunity[Sales Stage Sort]=1))",Ratio or percentage calculation,Medium,No,No,0.650,0.760,0.705,"ML-001: 0.200, ML-002: 0.180, ML-003: 0.000, ML-004: 0.270, MN-001: 0.280, MN-002: 0.320, MN-003: 0.160","Ratio/percentage measures should follow standard calculation patterns. Use DIVIDE() function, include '%' in name for percentages, and ensure consistent decimal formatting across similar measures.; Missing business description. Add comprehensive documentation explaining: (1) What business question this measure answers, (2) When business users should use it, (3) Expected value ranges, (4) Any business rules or filters applied, (5) Data source and calculation methodology in plain language.","Naming conventions meet all standards (Clear definitions, Business-focused language, Proper DAX references)"
Pipeline,Warning,Billed Pipeline Base,"CALCULATE(SUM(Pipeline[PipelineUSD]),KEEPFILTERS(Pipeline[PipelineType]=""Billed""))","Simple aggregation (SUM, COUNT, etc.)",Medium,No,No,0.710,0.960,0.835,"ML-001: 0.200, ML-002: 0.210, ML-003: 0.000, ML-004: 0.300, MN-001: 0.400, MN-002: 0.360, MN-003: 0.200","Missing business description. Add comprehensive documentation explaining: (1) What business question this measure answers, (2) When business users should use it, (3) Expected value ranges, (4) Any business rules or filters applied, (5) Data source and calculation methodology in plain language.","Naming conventions meet all standards (Clear definitions, Business-focused language, Proper DAX references)"
Pipeline,Warning,ACR Pipeline Base,"CALCULATE(SUM(Pipeline[ACRPipelineUSD]),KEEPFILTERS(Pipeline[PipelineType]=""Consumption""),ALL('Product'))",Calculated measure with business logic,Medium,No,No,0.560,0.960,0.760,"ML-001: 0.200, ML-002: 0.150, ML-003: 0.000, ML-004: 0.210, MN-001: 0.400, MN-002: 0.360, MN-003: 0.200","Complex calculated measures should leverage standard business logic patterns. Break down into simpler components where possible and reuse common calculation elements.; Missing business description. Add comprehensive documentation explaining: (1) What business question this measure answers, (2) When business users should use it, (3) Expected value ranges, (4) Any business rules or filters applied, (5) Data source and calculation methodology in plain language.","Naming conventions meet all standards (Clear definitions, Business-focused language, Proper DAX references)"
Pipeline,Issue,# Open Opportunities w/ Priority,"CALCULATE([# Opportunities w/ Priority]
        ,KEEPFILTERS('Priority Pipeline'[OpenOpportunityFlag] =1))",Calculated measure with business logic,Medium,No,No,0.590,0.880,0.735,"ML-001: 0.200, ML-002: 0.150, ML-003: 0.000, ML-004: 0.240, MN-001: 0.400, MN-002: 0.320, MN-003: 0.160","Complex calculated measures should leverage standard business logic patterns. Break down into simpler components where possible and reuse common calculation elements.; Missing business description. Add comprehensive documentation explaining: (1) What business question this measure answers, (2) When business users should use it, (3) Expected value ranges, (4) Any business rules or filters applied, (5) Data source and calculation methodology in plain language.","Naming conventions meet all standards (Clear definitions, Business-focused language, Proper DAX references)"
Pipeline,Issue,# Open Opportunities w/o Priority,"CALCULATE([Opportunity Count]
 ,KEEPFILTERS('Opportunity'[Account Priority Attached]=""No"")
,KEEPFILTERS('Pipeline'[TopParentOpenOpptyFlag]=1))",Calculated measure with business logic,Medium,No,No,0.590,0.880,0.735,"ML-001: 0.200, ML-002: 0.150, ML-003: 0.000, ML-004: 0.240, MN-001: 0.400, MN-002: 0.320, MN-003: 0.160","Complex calculated measures should leverage standard business logic patterns. Break down into simpler components where possible and reuse common calculation elements.; Missing business description. Add comprehensive documentation explaining: (1) What business question this measure answers, (2) When business users should use it, (3) Expected value ranges, (4) Any business rules or filters applied, (5) Data source and calculation methodology in plain language.","Naming conventions meet all standards (Clear definitions, Business-focused language, Proper DAX references)"
Pipeline,Warning,Qualified Pipeline,"CALCULATE(
    SUM( 'Pipeline'[QualifiedPipeline] )
    , KEEPFILTERS( Pipeline[PipelineType] = ""Billed"" )
)",Calculated measure with business logic,Medium,No,No,0.590,0.960,0.775,"ML-001: 0.200, ML-002: 0.150, ML-003: 0.000, ML-004: 0.240, MN-001: 0.400, MN-002: 0.360, MN-003: 0.200","Complex calculated measures should leverage standard business logic patterns. Break down into simpler components where possible and reuse common calculation elements.; Missing business description. Add comprehensive documentation explaining: (1) What business question this measure answers, (2) When business users should use it, (3) Expected value ranges, (4) Any business rules or filters applied, (5) Data source and calculation methodology in plain language.","Naming conventions meet all standards (Clear definitions, Business-focused language, Proper DAX references)"
Pipeline,Issue,Azure Qualified Pipeline,"CALCULATE(
    SUM('Pipeline'[QualifiedPipeline])
    ,KEEPFILTERS(Pipeline[PipelineType] = ""Consumption"")
    ,USERELATIONSHIP(Account[dimaccountgeographyhierarchykey],Pipeline[dimaccountgeographyhierarchykey]))",Complex multi-step calculation,High,No,No,0.470,0.960,0.715,"ML-001: 0.200, ML-002: 0.090, ML-003: 0.000, ML-004: 0.180, MN-001: 0.400, MN-002: 0.360, MN-003: 0.200","Complex calculations should be evaluated for standard library inclusion if they represent common business metrics. Consider if this can be simplified using standard patterns or broken into reusable components.; Missing business description. Add comprehensive documentation explaining: (1) What business question this measure answers, (2) When business users should use it, (3) Expected value ranges, (4) Any business rules or filters applied, (5) Data source and calculation methodology in plain language.","Naming conventions meet all standards (Clear definitions, Business-focused language, Proper DAX references)"
User Seller,Critical,CURRENT_USER,"LEFT(USERPRINCIPALNAME(),FIND(""@"",USERPRINCIPALNAME())-1)",Undocumented or unclear calculation,Medium,No,No,0.320,0.720,0.520,"ML-001: 0.200, ML-002: 0.030, ML-003: 0.000, ML-004: 0.090, MN-001: 0.280, MN-002: 0.280, MN-003: 0.160","Measure does not align with standard library patterns. Review if this can be replaced with or derived from standard business measures, or if it should be added to the standard library for reuse.; Missing business description. Add comprehensive documentation explaining: (1) What business question this measure answers, (2) When business users should use it, (3) Expected value ranges, (4) Any business rules or filters applied, (5) Data source and calculation methodology in plain language.; Calculation type cannot be determined. Clarify the measure's purpose and ensure it follows recognizable DAX patterns. Consider if this measure serves a clear business need or should be restructured using standard calculation patterns.","Naming conventions meet all standards (Clear definitions, Business-focused language, Proper DAX references)"
